/**------   ------------------------------------------------------
-----------------------------CREAR TABLAS----------------------*/
CREATE TABLE CLIENTES(  CARNET_UNIANDES NUMBER(19),
                        NOMBRE VARCHAR2(30),
                        APELLIDO VARCHAR2(30),
                        TIPO_DOCUMENTO VARCHAR2(30),
                        NUM_DOCUMENTO NUMBER(19), 
                        TIPO_CLIENTE VARCHAR2(30));
                        
CREATE TABLE PERSONAS_NAT(  ID_OP NUMBER(19),
                            APELLIDO VARCHAR2(30),
                            TIPO_DOCUMENTO VARCHAR2(30),
                            NUM_DOCUMENTO NUMBER(19),
                            TIPO VARCHAR2(30) );
                            
CREATE TABLE HABS_HOSTS(ID_AL NUMBER(19),
                        NUM_COMP INTEGER );
                        
CREATE TABLE OPERADORES(ID NUMBER(19),
                        NOMBRE VARCHAR2(30),
                        TIPO VARCHAR2(30) );
                        
CREATE TABLE CASAS( ID_AL NUMBER(19),
                    MENAJE VARCHAR2(30),
                    HABITACIONES INTEGER,
                    SEGURO VARCHAR2(30));
                    
CREATE TABLE APARTAMENTOS(ID_AL NUMBER(19));
                            
CREATE TABLE VIVIENDAS_UNI( ID_OP NUMBER(19),
                            DIRECCION VARCHAR2(30) );

CREATE TABLE HABS_VIVIENDAS(ID_AL NUMBER(19),
                            NUM_HAB INTEGER,
                            NUM_COMP NUMBER(19));
                            
CREATE TABLE HOTELES(   ID_OP NUMBER(19),
                        DIRECCION VARCHAR2(30),
                        REGISTRO_CAMARA VARCHAR(30),
                        REGISTRO_SUPER VARCHAR(30) );
                        
CREATE TABLE HABS_HOTELES(  ID_AL NUMBER(19),
                            NUM_HAB INTEGER,
                            TIPO VARCHAR2(30),
                            TAMAÑO VARCHAR2(30));
                            
CREATE TABLE HOSTALES(  ID_OP NUMBER(19),
                        HORARIO_APERTURA VARCHAR(30),
                        HORARIO_CIERRE VARCHAR(30),
                        DIRECCION VARCHAR(30),
                        REGISTRO_CAMARA VARCHAR2(30),
                        REGISTRO_SUPER VARCHAR2(30) );
                        
CREATE TABLE HABS_HOSTALES( ID_AL NUMBER(19),
                            NUMERO INTEGER,
                            NUM_COMP INTEGER );
                        
CREATE TABLE ALOJAMIENTOS(  ID NUMBER(19),
                            CAPACIDAD INTEGER,
                            COMPARTIDA NUMBER(1),
                            TIPO VARCHAR2(30),
                            UBICACION VARCHAR2(30),
                            ID_OP NUMBER(19));
                            
CREATE TABLE SERVICIOS( ID NUMBER(19),
                        TIPO VARCHAR2(30),
                        COSTO DOUBLE PRECISION );
                        
CREATE TABLE OFERTAS_ALOJAMIENTOS(  PRECIO DOUBLE PRECISION,
                                    FECHA_RETIRO DATE,
                                    UNIDAD_PRECIO VARCHAR(30),
                                    ID_AL NUMBER(19),
                                    FECHA_CREACION DATE
                                    );
                                    
CREATE TABLE RESERVAS(  FECHA_INICIO DATE,
                        FECHA_FIN DATE,
                        TIPO_CONTRATO VARCHAR2(30),
                        NUM_PERSONAS INTEGER,
                        ID_CLIENTE NUMBER(19),
                        ID_AL_OF NUMBER(19),
                        FECHA_CREACION_OF DATE,
                        PRECIO_RESERVA INTEGER,
                        ESTADO VARCHAR2(30),
                        FECHA_CREACION DATE,
                        ID_COLECTIVA NUMBER(19));
                        
CREATE TABLE ALOJ_SERV (ID_ALOJ NUMBER(19),
                        ID_SERV NUMBER(19) );

CREATE TABLE RESERVAS_COLECTIVAS (  ID NUMBER(19),
                                    EVENTO VARCHAR2(19),
                                    ESTADO VARCHAR2(19),
                                    FECHA_FIN DATE,
                                    FECHA_INICIO DATE,
                                    TIPO_CONTRATO VARCHAR2(19),
                                    NUM_PERSONAS_POR_RESERVA INTEGER,
                                    ID_CLIENTE NUMBER(19) );
                                                                        
CREATE TABLE RESERV_COL_SERV (  ID_RESERV_COL NUMBER(19),
                                ID_SERV NUMBER(19));
                        
/*PRIMARY KEYS*/

ALTER TABLE ALOJ_SERV 
ADD CONSTRAINT PK_ALOJ_SERV PRIMARY KEY(ID_ALOJ, ID_SERV);

ALTER TABLE CLIENTES
ADD CONSTRAINT PK_CLIENTES PRIMARY KEY(CARNET_UNIANDES);

ALTER TABLE PERSONAS_NAT
ADD CONSTRAINT PK_PERSONAS PRIMARY KEY(ID_OP);

ALTER TABLE HABS_HOSTS
ADD CONSTRAINT PK_HABS_HOSTS PRIMARY KEY(ID_AL);

ALTER TABLE OPERADORES
ADD CONSTRAINT PK_OPERADORES PRIMARY KEY(ID);

ALTER TABLE CASAS
ADD CONSTRAINT PK_CASAS PRIMARY KEY(ID_AL);

ALTER TABLE APARTAMENTOS
ADD CONSTRAINT PK_APARTAMENTOS PRIMARY KEY(ID_AL);

ALTER TABLE VIVIENDAS_UNI
ADD CONSTRAINT PK_VIVIENDAS_UNI PRIMARY KEY(ID_OP);

ALTER TABLE HABS_VIVIENDAS
ADD CONSTRAINT PK_HABS_VIVIENDAS PRIMARY KEY(ID_AL);

ALTER TABLE HOTELES
ADD CONSTRAINT PK_HOTELES PRIMARY KEY(ID_OP);

ALTER TABLE HABS_HOTELES
ADD CONSTRAINT PK_HABS_HOTELES PRIMARY KEY(ID_AL);

ALTER TABLE HOSTALES
ADD CONSTRAINT PK_HOSTALES PRIMARY KEY(ID_OP);

ALTER TABLE HABS_HOSTALES
ADD CONSTRAINT PK_HABS_HOSTALES PRIMARY KEY(ID_AL);

ALTER TABLE ALOJAMIENTOS
ADD CONSTRAINT PK_ALOJAMIENTOS PRIMARY KEY(ID);

ALTER TABLE SERVICIOS
ADD CONSTRAINT PK_SERVICIOS1 PRIMARY KEY(ID);

ALTER TABLE OFERTAS_ALOJAMIENTOS
ADD CONSTRAINT PK_OFERTAS_ALOJAMIENTOS PRIMARY KEY(ID_AL, FECHA_CREACION);

ALTER TABLE RESERVAS
ADD CONSTRAINT PK_RESERVAS PRIMARY KEY(FECHA_INICIO,ID_AL_OF,FECHA_CREACION_OF);

ALTER TABLE RESERVAS_COLECTIVAS
ADD CONSTRAINT PK_RESERVAS_COLECTIVAS PRIMARY KEY (ID);

ALTER TABLE RESERV_COL_SERV
ADD CONSTRAINT PK_RESERV_COL_SERV PRIMARY KEY (ID_RESERV_COL,ID_SERV);

/**------------------------------------------------------------
------------------AGREGAR RESTRICCIONES----------------------*/

/*----------Restricciones de ID_AL */

ALTER TABLE ALOJ_SERV
ADD CONSTRAINT FK_ID_ALOJ FOREIGN KEY(ID_ALOJ) REFERENCES ALOJAMIENTOS;

/*----------REstricicones de ID_SERV*/

ALTER TABLE ALOJ_SERV
ADD CONSTRAINT FK_ID_SERV FOREIGN KEY(ID_SERV) REFERENCES SERVICIOS;

/*RESTRICCIONES DE ID-------------------------------------------------------*/

ALTER TABLE ALOJAMIENTOS
MODIFY ID NOT NULL;

/*RESTRICCIONES DE CAPACIDAD-------------------------------------------------------*/

ALTER TABLE ALOJAMIENTOS
MODIFY CAPACIDAD NOT NULL;

/*RESTRICCIONES DE COMPARTIDA-------------------------------------------------------*/

ALTER TABLE ALOJAMIENTOS
MODIFY COMPARTIDA NOT NULL;

/*RESTRICCIONES DE TIPO-------------------------------------------------------*/

ALTER TABLE ALOJAMIENTOS
MODIFY TIPO NOT NULL;

ALTER TABLE ALOJAMIENTOS
ADD CONSTRAINT CK_ALOJAMIENTOS_TIPO CHECK(TIPO IN ('HABITACION_HOTEL','HABITACION_HOSTAL','HABITACION_CASA','HABITACION_VIVIENDA_UNIV','CASA_DIAS','APARTAMENTO'));

/*RESTRICCIONES DE UBICACION-------------------------------------------------------*/

ALTER TABLE ALOJAMIENTOS
MODIFY UBICACION NOT NULL;

/*RESTRICCIÓN DE OPERADOR-----------------------------------------------*/
ALTER TABLE ALOJAMIENTOS
ADD CONSTRAINT FK_ID_OP  FOREIGN KEY (ID_OP) REFERENCES OPERADORES;

ALTER TABLE ALOJAMIENTOS
MODIFY ID_OP NOT NULL;

/*RESTRICCIONES DE ID_Al-------------------------------------------------------*/

ALTER TABLE APARTAMENTOS
MODIFY ID_AL NOT NULL;

ALTER TABLE APARTAMENTOS
ADD CONSTRAINT FK_APARTAMENTOS_ID_AL FOREIGN KEY(ID_AL) REFERENCES ALOJAMIENTOS;

/*RESTRICCIONES DE ID AL-------------------------------------------------------*/

ALTER TABLE CASAS
MODIFY ID_AL NOT NULL;

ALTER TABLE CASAS
ADD CONSTRAINT FK_CASAS_ID_AL FOREIGN KEY(ID_AL) REFERENCES ALOJAMIENTOS;

/*RESTRICCIONES DE HABITACIONES-------------------------------------------------------*/

ALTER TABLE CASAS
MODIFY HABITACIONES NOT NULL;

/*RESTRICCIONES DE CARNET UNIANDES-------------------------------------------------------*/

ALTER TABLE CLIENTES
MODIFY CARNET_UNIANDES NOT NULL;

ALTER TABLE CLIENTES
ADD CONSTRAINT CK_CARNET_UNIANDES CHECK(CARNET_UNIANDES > 0);

/*RESTRICCIONES DE NOMBRE-------------------------------------------------------*/

ALTER TABLE CLIENTES
MODIFY NOMBRE NOT NULL;

/*RESTRICCIONES DE APELLIDO-------------------------------------------------------*/

ALTER TABLE CLIENTES
MODIFY APELLIDO NOT NULL;

/*RESTRICCIONES DE TIPO DOCUMENTO-------------------------------------------------------*/

ALTER TABLE CLIENTES
MODIFY TIPO_DOCUMENTO NOT NULL;

ALTER TABLE CLIENTES
ADD CONSTRAINT CK_CLIENTES_TIPO_DOC CHECK(TIPO_DOCUMENTO IN ('CEDULA_CIUDADANIA','TARJETA_IDENTIDAD','CEDULA_EXTRANJERIA','PASAPORTE')); 

/*RESTRICCIONES DE NUM DOCUMENTO-------------------------------------------------------*/

ALTER TABLE CLIENTES
MODIFY NUM_DOCUMENTO NOT NULL;

ALTER TABLE CLIENTES
MODIFY TIPO_CLIENTE NOT NULL;

ALTER TABLE CLIENTES 
ADD CONSTRAINT CK_TIPO_CLIENTE CHECK(TIPO_CLIENTE IN ('EMPLEADO', 'ESTUDIANTE', 'PROFESOR', 'FAMILIA', 'VISITANTE', 'EGRESADO'));

/*RESTRICCIONES DE ID_AL-------------------------------------------------------*/

ALTER TABLE HABS_HOSTALES
MODIFY ID_AL NOT NULL;

ALTER TABLE HABS_HOSTALES
ADD CONSTRAINT FK_HABS_HOSTALES_ID_AL FOREIGN KEY(ID_AL) REFERENCES ALOJAMIENTOS;

/*RESTRICCIONES DE NUMERO-------------------------------------------------------*/

ALTER TABLE HABS_HOSTALES
MODIFY NUMERO NOT NULL;

/*RESTRICCIONES DE NUM_COMP-------------------------------------------------------*/

ALTER TABLE HABS_HOSTALES
MODIFY NUM_COMP NOT NULL;

/*RESTRICCIONES DE ID AL-------------------------------------------------------*/

ALTER TABLE HABS_HOSTS
MODIFY ID_AL NOT NULL;

ALTER TABLE HABS_HOSTS
ADD CONSTRAINT FK_HABS_HOSTS_AL FOREIGN KEY(ID_AL) REFERENCES ALOJAMIENTOS;

/*RESTRICCIONES DE NUM_COMP-------------------------------------------------------*/

ALTER TABLE HABS_HOSTS
MODIFY NUM_COMP NOT NULL;

/*RESTRICCIONES DE ID_AL-------------------------------------------------------*/

ALTER TABLE HABS_HOTELES
MODIFY ID_AL NOT NULL;

ALTER TABLE HABS_HOTELES
ADD CONSTRAINT FK_HABS_HOTELES_ID_AL FOREIGN KEY(ID_AL) REFERENCES ALOJAMIENTOS;

/*RESTRICCIONES DE NUM_HAB-------------------------------------------------------*/

ALTER TABLE HABS_HOTELES
MODIFY NUM_HAB NOT NULL;

/*RESTRICCIONES DE TIPO-------------------------------------------------------*/

ALTER TABLE HABS_HOTELES
MODIFY TIPO NOT NULL;

ALTER TABLE HABS_HOTELES
ADD CONSTRAINT CK_HABS_HOTELES_TIPO CHECK(TIPO IN('ESTANDAR','SEMISUITE','SUITE'));

/*RESTRICCIONES DE TAMAÑO-------------------------------------------------------*/

ALTER TABLE HABS_HOTELES
MODIFY TAMAÑO NOT NULL;

/*RESTRICCIONES DE ID_AL-------------------------------------------------------*/

ALTER TABLE HABS_VIVIENDAS
MODIFY ID_AL NOT NULL;

ALTER TABLE HABS_VIVIENDAS
ADD CONSTRAINT FK_HABS_VIVIENDAS_ID_AL FOREIGN KEY(ID_AL) REFERENCES ALOJAMIENTOS;

/*RESTRICCIONES DE NUM_HAB-------------------------------------------------------*/

ALTER TABLE HABS_VIVIENDAS
MODIFY NUM_HAB NOT NULL;

/*RESTRICCIONES DE NUM_COMP-------------------------------------------------------*/

ALTER TABLE HABS_VIVIENDAS
MODIFY NUM_COMP NOT NULL;

/*RESTRICCIONES DE ID_OP-------------------------------------------------------*/

ALTER TABLE HOSTALES
MODIFY ID_OP NOT NULL;

ALTER TABLE HOSTALES
ADD CONSTRAINT FK_HOSTALES_ID_OP FOREIGN KEY(ID_OP) REFERENCES OPERADORES;

/*RESTRICCIONES DE HORARIO_APERTURA-------------------------------------------------------*/

ALTER TABLE HOSTALES
MODIFY HORARIO_APERTURA NOT NULL;

/*RESTRICCIONES DE HORARIO_CIERRE-------------------------------------------------------*/

ALTER TABLE HOSTALES
MODIFY HORARIO_CIERRE NOT NULL;

/*RESTRICCIONES DE DIRECCION-------------------------------------------------------*/

ALTER TABLE HOSTALES
MODIFY DIRECCION NOT NULL;

/*RESTRICCIONES DE REGISTRO_CAMARA-------------------------------------------------------*/

ALTER TABLE HOSTALES
MODIFY REGISTRO_CAMARA NOT NULL;

/*RESTRICCIONES DE REGISTRO_SUPER-------------------------------------------------------*/

ALTER TABLE HOSTALES
MODIFY REGISTRO_SUPER NOT NULL;

/*RESTRICCIONES DE ID_OP-------------------------------------------------------*/

ALTER TABLE HOTELES
MODIFY ID_OP NOT NULL;

ALTER TABLE HOTELES
ADD CONSTRAINT FK_HOTELES_ID_OP FOREIGN KEY(ID_OP) REFERENCES OPERADORES;

/*RESTRICCIONES DE DIRECCION-------------------------------------------------------*/

ALTER TABLE HOTELES
MODIFY DIRECCION NOT NULL;

/*RESTRICCIONES DE REGISTRO_CAMARA-------------------------------------------------------*/

ALTER TABLE HOTELES
MODIFY REGISTRO_CAMARA NOT NULL;

/*RESTRICCIONES DE REGISTRO_SUPER-------------------------------------------------------*/

ALTER TABLE HOTELES
MODIFY REGISTRO_SUPER NOT NULL;

/*RESTRICCIONES DE PRECIO-------------------------------------------------------*/

ALTER TABLE OFERTAS_ALOJAMIENTOS
MODIFY PRECIO NOT NULL;

/*RESTRICCIONES DE UNIDAD_PRECIO-------------------------------------------------------*/

ALTER TABLE OFERTAS_ALOJAMIENTOS
MODIFY UNIDAD_PRECIO NOT NULL;

ALTER TABLE OFERTAS_ALOJAMIENTOS
ADD CONSTRAINTS CK_OFERTAS_AL_UNIDAD_PRECIO CHECK(UNIDAD_PRECIO IN ('NOCHE','MES','SEMESTRE','SEMANA'));

/*RESTRICCIONES DE ID_AL-------------------------------------------------------*/

ALTER TABLE OFERTAS_ALOJAMIENTOS
MODIFY ID_AL NOT NULL;

ALTER TABLE OFERTAS_ALOJAMIENTOS
MODIFY FECHA_CREACION NOT NULL;

/*RESTRICCIONES DE ID-------------------------------------------------------*/

ALTER TABLE OPERADORES
MODIFY ID NOT NULL;

/*RESTRICCIONES DE NOMBRE-------------------------------------------------------*/

ALTER TABLE OPERADORES
MODIFY NOMBRE NOT NULL;

/*RESTRICCIONES DE TIPO-------------------------------------------------------*/

ALTER TABLE OPERADORES
MODIFY TIPO NOT NULL;

ALTER TABLE OPERADORES
ADD CONSTRAINT CK_OPERADORES_TIPO CHECK(TIPO IN ('VECINO','PROFESOR','EMPLEADO','EGRESADO','PADRE','HOTEL','HOSTAL','VIVIENDA UNIVERSITARIA','ESTUDIANTE'));

/*RESTRICCIONES DE ID OP-------------------------------------------------------*/

ALTER TABLE PERSONAS_NAT
MODIFY ID_OP NOT NULL;

ALTER TABLE PERSONAS_NAT
ADD CONSTRAINT FK_PERSONAS_NAT_OP FOREIGN KEY(ID_OP) REFERENCES OPERADORES;

/*RESTRICCIONES DE APELLIDO-------------------------------------------------------*/

ALTER TABLE PERSONAS_NAT
MODIFY APELLIDO NOT NULL;

/*RESTRICCIONES DE TIPO_DOCUMENTO-------------------------------------------------------*/

ALTER TABLE PERSONAS_NAT
MODIFY TIPO_DOCUMENTO NOT NULL;

ALTER TABLE PERSONAS_NAT
ADD CONSTRAINT CK_PERSONAS_NAT_TIPO_DOC CHECK(TIPO_DOCUMENTO IN ('CEDULA_CIUDADANIA','TARJETA_IDENTIDAD','CEDULA_EXTRANJERIA','PASAPORTE'));

/*RESTRICCIONES DE NUM_DOCUMENTO-------------------------------------------------------*/

ALTER TABLE PERSONAS_NAT
MODIFY NUM_DOCUMENTO NOT NULL;

/*RESTRICCIONES DE TIPO-------------------------------------------------------*/

ALTER TABLE PERSONAS_NAT
MODIFY TIPO NOT NULL;

ALTER TABLE PERSONAS_NAT
ADD CONSTRAINT CK_PERSONAS_NAT_TIPO CHECK(TIPO IN('VECINO','MIEMBRO_COMUNIDAD'));

/*RESTRICCIONES FECHA_CREACION------------------------*/

ALTER TABLE RESERVAS
MODIFY FECHA_CREACION NOT NULL;

/*RESTRICCIONES DE FECHA_FIN-------------------------------------------------------*/

ALTER TABLE RESERVAS
MODIFY FECHA_FIN NOT NULL;

/*RESTRICCIONES DE TIPO_CONTRATO-------------------------------------------------------*/

ALTER TABLE RESERVAS
MODIFY TIPO_CONTRATO NOT NULL;

/*RESTRICCIONES DE NUM_PERSONAS-------------------------------------------------------*/

ALTER TABLE RESERVAS
MODIFY NUM_PERSONAS NOT NULL;

/*RESTRICCION PRECIO-----------------------------------------------------------------*/
ALTER TABLE RESERVAS
MODIFY PRECIO_RESERVA NOT NULL;

/*RESTRICCIONES DE ID_CLIENTE-------------------------------------------------------*/

ALTER TABLE RESERVAS
MODIFY ID_CLIENTE NOT NULL;

ALTER TABLE RESERVAS
ADD CONSTRAINT FK_RESERVAS_ID_CLIENTE FOREIGN KEY(ID_CLIENTE) REFERENCES CLIENTES;


/*RESTRICCIONES DE ID_AL_OF-------------------------------------------------------*/

ALTER TABLE RESERVAS
ADD CONSTRAINT FK_RESERVAS_TO_OFERTAS FOREIGN KEY(ID_AL_OF,FECHA_CREACION_OF) REFERENCES OFERTAS_ALOJAMIENTOS(ID_AL, FECHA_CREACION);

/*RESTRICCIONES DE ESTADO-------------------------------------------------------*/

ALTER TABLE RESERVAS
ADD CONSTRAINT CK_RESERVAS_ESTADO CHECK (ESTADO IN ('RESERVADA','CANCELADA'));

ALTER TABLE RESERVAS
MODIFY ESTADO NOT NULL;

/*RESTRICCIONES DE ESTADO ID_COLECTIVA-------------------------------------------------------*/

ALTER TABLE reservas
ADD CONSTRAINT FK_ID_COLECTIVA FOREIGN KEY(ID_COLECTIVA) REFERENCES RESERVAS_COLECTIVAS;

/*RESTRICCIONES DE ID-------------------------------------------------------*/

ALTER TABLE SERVICIOS
MODIFY ID NOT NULL;

/*RESTRICCIONES DE TIPO-------------------------------------------------------*/

ALTER TABLE SERVICIOS
MODIFY TIPO NOT NULL;

ALTER TABLE SERVICIOS
ADD CONSTRAINT CK_SERVICIOS_TIPO CHECK(TIPO IN ('WIFI','BAÑERA','YACUZZI','SALA','COCINETA','TV_CABLE','RECEPCION_24H','RESTAURANTE','SERVICIOS_PUBLICOS','ADMINISTRACION','ASEO','APOYO_SOCIAL','APOYO_ACADEMICO','SALA_ESTUDIO','SALA_ESPARCIMIENTO','GIMNASIO','AMOBLADO','COMIDAS','ACCESO_COCINA','BAÑO_PRIVADO','BAÑO_COMPARTIDO','PISCINA','PARQUEADERO'));

/*RESTRICCIONES DE COSTO-------------------------------------------------------*/

ALTER TABLE SERVICIOS
MODIFY COSTO NOT NULL;

/*RESTRICCIONES DE ID_OP-------------------------------------------------------*/

ALTER TABLE VIVIENDAS_UNI
MODIFY ID_OP NOT NULL;

ALTER TABLE VIVIENDAS_UNI
ADD CONSTRAINT FK_VIVIENDAS_UNI_ID_OP FOREIGN KEY(ID_OP) REFERENCES OPERADORES;

/*RESTRICCIONES DE DIRECCION-------------------------------------------------------*/

ALTER TABLE VIVIENDAS_UNI
MODIFY DIRECCION NOT NULL;

/*RESTRICCIONES DE EVENTO-------------------------------------------------------*/

ALTER TABLE RESERVAS_COLECTIVAS
MODIFY EVENTO NOT NULL;

/*RESTRICCIONES DE ID_RESERV_COL-------------------------------------------------------*/

ALTER TABLE RESERV_COL_SERV
MODIFY ID_RESERV_COL NOT NULL;

ALTER TABLE RESERV_COL_SERV
ADD CONSTRAINT FK_COL_SERV_ID_RESERV_COL FOREIGN KEY(ID_RESERV_COL) REFERENCES RESERVAS_COLECTIVAS;

/*RESTRICCIONES DE ID_SERV-------------------------------------------------------*/

ALTER TABLE RESERV_COL_SERV
MODIFY ID_SERV NOT NULL;

ALTER TABLE RESERV_COL_SERV
ADD CONSTRAINT FK_COL_SERV_ID_SERV FOREIGN KEY(ID_SERV) REFERENCES SERVICIOS;

/*RESTRICCIONES DE ESTADO-------------------------------------------------------*/

ALTER TABLE RESERVAS_COLECTIVAS
MODIFY ESTADO NOT NULL;

ALTER TABLE RESERVAS_COLECTIVAS
ADD CONSTRAINT CK_RESERV_COL_SERV CHECK( ESTADO IN ('RESERVADA', 'CANCELADA') );

/*RESTRICCIONES DE FECHA_INICIO-------------------------------------------------------*/

ALTER TABLE RESERVAS_COLECTIVAS
MODIFY FECHA_INICIO NOT NULL;

/*RESTRICCIONES DE FECHA_FIN-------------------------------------------------------*/

ALTER TABLE RESERVAS_COLECTIVAS
MODIFY FECHA_FIN NOT NULL;

/*RESTRICCIONES DE TIPO_CONTRATO-------------------------------------------------------*/

ALTER TABLE RESERVAS_COLECTIVAS
MODIFY TIPO_CONTRATO NOT NULL;

/*RESTRICCIONES DE NUM_PERSONAS_POR_RESERVA-------------------------------------------------------*/

ALTER TABLE RESERVAS_COLECTIVAS
MODIFY NUM_PERSONAS_POR_RESERVA NOT NULL;

/*RESTRICCIONES DE ID_CLIENTE-------------------------------------------------------*/

ALTER TABLE RESERVAS_COLECTIVAS
MODIFY ID_CLIENTE NOT NULL;

ALTER TABLE RESERVAS_COLECTIVAS
ADD CONSTRAINT FK_RESERVAS_COL_CLIENTE FOREIGN KEY(ID_CLIENTE) REFERENCES CLIENTES(CARNET_UNIANDES);


ALTER TABLE CLIENTES 
ADD CONSTRAINT ND_DOC_CLIENTES UNIQUE(TIPO_DOCUMENTO, NUM_DOCUMENTO);

ALTER TABLE PERSONAS_NAT
ADD CONSTRAINT ND_DOC_PN UNIQUE(TIPO_DOCUMENTO, NUM_DOCUMENTO);

/*------INSERCIÓN SERVICIOS---*/
INSERT INTO SERVICIOS (ID,TIPO,COSTO) VALUES (1,'WIFI',0);
INSERT INTO SERVICIOS (ID,TIPO,COSTO) VALUES (2,'BAÑERA',0);
INSERT INTO SERVICIOS (ID,TIPO,COSTO) VALUES (3,'YACUZZI',0);
INSERT INTO SERVICIOS (ID,TIPO,COSTO) VALUES (4,'SALA',0);
INSERT INTO SERVICIOS (ID,TIPO,COSTO) VALUES (5,'COCINETA',0);
INSERT INTO SERVICIOS (ID,TIPO,COSTO) VALUES (6,'TV_CABLE',0);
INSERT INTO SERVICIOS (ID,TIPO,COSTO) VALUES (7,'RECEPCION_24H',0);
INSERT INTO SERVICIOS (ID,TIPO,COSTO) VALUES (8,'RESTAURANTE',0);
INSERT INTO SERVICIOS (ID,TIPO,COSTO) VALUES (9,'SERVICIOS_PUBLICOS',0);
INSERT INTO SERVICIOS (ID,TIPO,COSTO) VALUES (10,'ADMINISTRACION',0);
INSERT INTO SERVICIOS (ID,TIPO,COSTO) VALUES (11,'ASEO',0);
INSERT INTO SERVICIOS (ID,TIPO,COSTO) VALUES (12,'APOYO_SOCIAL',0);
INSERT INTO SERVICIOS (ID,TIPO,COSTO) VALUES (13,'APOYO_ACADEMICO',0);
INSERT INTO SERVICIOS (ID,TIPO,COSTO) VALUES (14,'SALA_ESTUDIO',0);
INSERT INTO SERVICIOS (ID,TIPO,COSTO) VALUES (15,'SALA_ESPARCIMIENTO',0);
INSERT INTO SERVICIOS (ID,TIPO,COSTO) VALUES (16,'GIMNASIO',0);
INSERT INTO SERVICIOS (ID,TIPO,COSTO) VALUES (17,'COMIDAS',0);
INSERT INTO SERVICIOS (ID,TIPO,COSTO) VALUES (18,'ACCESO_COCINA',0);
INSERT INTO SERVICIOS (ID,TIPO,COSTO) VALUES (19,'BAÑO_PRIVADO',0);
INSERT INTO SERVICIOS (ID,TIPO,COSTO) VALUES (20,'BAÑO_COMPARTIDO',0);
INSERT INTO SERVICIOS (ID,TIPO,COSTO) VALUES (21,'PISCINA',0);
INSERT INTO SERVICIOS (ID,TIPO,COSTO) VALUES (22,'PARQUEADERO',0);
INSERT INTO SERVICIOS (ID,TIPO,COSTO) VALUES (23,'AMOBLADO',0);

/*-------------------INSERCIÓN DE LOS 10 HOTELES------------*/
/*----Inserción en OPERADORES---*/
INSERT INTO OPERADORES (ID, NOMBRE, TIPO) VALUES (1,'HOTEL1','HOTEL');
INSERT INTO OPERADORES (ID, NOMBRE, TIPO) VALUES (2,'HOTEL2','HOTEL');
INSERT INTO OPERADORES (ID, NOMBRE, TIPO) VALUES (3,'HOTEL3','HOTEL');
INSERT INTO OPERADORES (ID, NOMBRE, TIPO) VALUES (4,'HOTEL4','HOTEL');
INSERT INTO OPERADORES (ID, NOMBRE, TIPO) VALUES (5,'HOTEL5','HOTEL');
INSERT INTO OPERADORES (ID, NOMBRE, TIPO) VALUES (6,'HOTEL6','HOTEL');
INSERT INTO OPERADORES (ID, NOMBRE, TIPO) VALUES (7,'HOTEL7','HOTEL');
INSERT INTO OPERADORES (ID, NOMBRE, TIPO) VALUES (8,'HOTEL8','HOTEL');
INSERT INTO OPERADORES (ID, NOMBRE, TIPO) VALUES (9,'HOTEL9','HOTEL');
INSERT INTO OPERADORES (ID, NOMBRE, TIPO) VALUES (10,'HOTEL10','HOTEL');

/*----Inserción en HOTELES----*/
INSERT INTO HOTELES (ID_OP,DIRECCION,REGISTRO_CAMARA,REGISTRO_SUPER) VALUES (1, '47577 Stang Parkway', '72-536-2302', '65-963-3656');
INSERT INTO HOTELES (ID_OP,DIRECCION,REGISTRO_CAMARA,REGISTRO_SUPER) VALUES (2, '911 Bluestem Circle', '20-575-9563', '77-609-4244');
INSERT INTO HOTELES (ID_OP,DIRECCION,REGISTRO_CAMARA,REGISTRO_SUPER) VALUES (3, '971 Dennis Park', '62-281-2715', '44-164-5187');
INSERT INTO HOTELES (ID_OP,DIRECCION,REGISTRO_CAMARA,REGISTRO_SUPER) VALUES (4, '80 Amoth Place', '47-046-7182', '37-827-8680');
INSERT INTO HOTELES (ID_OP,DIRECCION,REGISTRO_CAMARA,REGISTRO_SUPER) VALUES (5, '78192 Hermina Alley', '61-374-8245', '26-006-7472');
INSERT INTO HOTELES (ID_OP,DIRECCION,REGISTRO_CAMARA,REGISTRO_SUPER) VALUES (6, '7866 Esch Pass', '11-849-0493', '81-288-5440');
INSERT INTO HOTELES (ID_OP,DIRECCION,REGISTRO_CAMARA,REGISTRO_SUPER) VALUES (7, '69 Hanover Place', '19-605-3104', '26-815-4041');
INSERT INTO HOTELES (ID_OP,DIRECCION,REGISTRO_CAMARA,REGISTRO_SUPER) VALUES (8, '379 Eastwood Street', '02-036-4712', '76-647-1565');
INSERT INTO HOTELES (ID_OP,DIRECCION,REGISTRO_CAMARA,REGISTRO_SUPER) VALUES (9, '04 Paget Hill', '88-127-4907', '37-685-3280');
INSERT INTO HOTELES (ID_OP,DIRECCION,REGISTRO_CAMARA,REGISTRO_SUPER) VALUES (10, '2164 Holmberg Hill', '97-108-2046', '62-863-9272');

/*------------Inserción de alojamientos---------------*/
/*--Primer hotel--*/
INSERT INTO ALOJAMIENTOS (ID,CAPACIDAD,COMPARTIDA,TIPO,UBICACION,ID_OP) VALUES (1, 2, 0, 'HABITACION_HOTEL', '47577 Stang Parkway HAB 11',1);
INSERT INTO ALOJAMIENTOS (ID,CAPACIDAD,COMPARTIDA,TIPO,UBICACION,ID_OP) VALUES (2, 2, 0, 'HABITACION_HOTEL', '47577 Stang Parkway HAB 12',1); 
INSERT INTO ALOJAMIENTOS (ID,CAPACIDAD,COMPARTIDA,TIPO,UBICACION,ID_OP) VALUES (3, 2, 0, 'HABITACION_HOTEL', '47577 Stang Parkway HAB 13',1); 
INSERT INTO ALOJAMIENTOS (ID,CAPACIDAD,COMPARTIDA,TIPO,UBICACION,ID_OP) VALUES (4, 4, 0, 'HABITACION_HOTEL', '47577 Stang Parkway HAB 14',1); 
INSERT INTO ALOJAMIENTOS (ID,CAPACIDAD,COMPARTIDA,TIPO,UBICACION,ID_OP) VALUES (5, 4, 0, 'HABITACION_HOTEL', '47577 Stang Parkway HAB 15',1); 

/*--Segundo hotel--*/
INSERT INTO ALOJAMIENTOS (ID,CAPACIDAD,COMPARTIDA,TIPO,UBICACION,ID_OP) VALUES (6, 2, 0, 'HABITACION_HOTEL', '911 Bluestem Circle HAB 21',2);
INSERT INTO ALOJAMIENTOS (ID,CAPACIDAD,COMPARTIDA,TIPO,UBICACION,ID_OP) VALUES (7, 2, 0, 'HABITACION_HOTEL', '911 Bluestem Circle HAB 22',2); 
INSERT INTO ALOJAMIENTOS (ID,CAPACIDAD,COMPARTIDA,TIPO,UBICACION,ID_OP) VALUES (8, 2, 0, 'HABITACION_HOTEL', '911 Bluestem Circle HAB 23',2); 
INSERT INTO ALOJAMIENTOS (ID,CAPACIDAD,COMPARTIDA,TIPO,UBICACION,ID_OP) VALUES (9, 4, 0, 'HABITACION_HOTEL', '911 Bluestem Circle HAB 24',2); 
INSERT INTO ALOJAMIENTOS (ID,CAPACIDAD,COMPARTIDA,TIPO,UBICACION,ID_OP) VALUES (10, 4, 0, 'HABITACION_HOTEL', '911 Bluestem Circle HAB 25',2);

/*--Tercer hotel--*/
INSERT INTO ALOJAMIENTOS (ID,CAPACIDAD,COMPARTIDA,TIPO,UBICACION,ID_OP) VALUES (11, 2, 0, 'HABITACION_HOTEL', '971 Dennis Park HAB 31',3);
INSERT INTO ALOJAMIENTOS (ID,CAPACIDAD,COMPARTIDA,TIPO,UBICACION,ID_OP) VALUES (12, 2, 0, 'HABITACION_HOTEL', '971 Dennis Park HAB 32',3); 
INSERT INTO ALOJAMIENTOS (ID,CAPACIDAD,COMPARTIDA,TIPO,UBICACION,ID_OP) VALUES (13, 2, 0, 'HABITACION_HOTEL', '971 Dennis Park HAB 33',3); 
INSERT INTO ALOJAMIENTOS (ID,CAPACIDAD,COMPARTIDA,TIPO,UBICACION,ID_OP) VALUES (14, 4, 0, 'HABITACION_HOTEL', '971 Dennis Park HAB 34',3); 
INSERT INTO ALOJAMIENTOS (ID,CAPACIDAD,COMPARTIDA,TIPO,UBICACION,ID_OP) VALUES (15, 4, 0, 'HABITACION_HOTEL', '971 Dennis Park HAB 35',3); 

/*--Cuarto hotel--*/
INSERT INTO ALOJAMIENTOS (ID,CAPACIDAD,COMPARTIDA,TIPO,UBICACION,ID_OP) VALUES (16, 2, 0, 'HABITACION_HOTEL', '80 Amoth Place HAB 41',4);
INSERT INTO ALOJAMIENTOS (ID,CAPACIDAD,COMPARTIDA,TIPO,UBICACION,ID_OP) VALUES (17, 2, 0, 'HABITACION_HOTEL', '80 Amoth Place HAB 42',4); 
INSERT INTO ALOJAMIENTOS (ID,CAPACIDAD,COMPARTIDA,TIPO,UBICACION,ID_OP) VALUES (18, 2, 0, 'HABITACION_HOTEL', '80 Amoth Place HAB 43', 4); 
INSERT INTO ALOJAMIENTOS (ID,CAPACIDAD,COMPARTIDA,TIPO,UBICACION,ID_OP) VALUES (19, 4, 0, 'HABITACION_HOTEL', '80 Amoth Place HAB 44',4); 
INSERT INTO ALOJAMIENTOS (ID,CAPACIDAD,COMPARTIDA,TIPO,UBICACION,ID_OP) VALUES (20, 4, 0, 'HABITACION_HOTEL', '80 Amoth Place HAB 45',4); 

/*--Quinto hotel--*/
INSERT INTO ALOJAMIENTOS (ID,CAPACIDAD,COMPARTIDA,TIPO,UBICACION,ID_OP) VALUES (21, 2, 0, 'HABITACION_HOTEL', '78192 Hermina Alley HAB 51',5);
INSERT INTO ALOJAMIENTOS (ID,CAPACIDAD,COMPARTIDA,TIPO,UBICACION,ID_OP) VALUES (22, 2, 0, 'HABITACION_HOTEL', '78192 Hermina Alley HAB 52',5); 
INSERT INTO ALOJAMIENTOS (ID,CAPACIDAD,COMPARTIDA,TIPO,UBICACION,ID_OP) VALUES (23, 2, 0, 'HABITACION_HOTEL', '78192 Hermina Alley HAB 53',5); 
INSERT INTO ALOJAMIENTOS (ID,CAPACIDAD,COMPARTIDA,TIPO,UBICACION,ID_OP) VALUES (24, 4, 0, 'HABITACION_HOTEL', '78192 Hermina Alley HAB 54',5); 
INSERT INTO ALOJAMIENTOS (ID,CAPACIDAD,COMPARTIDA,TIPO,UBICACION,ID_OP) VALUES (25, 4, 0, 'HABITACION_HOTEL', '78192 Hermina Alley HAB 55',5);

/*--Sexto hotel--*/
INSERT INTO ALOJAMIENTOS (ID,CAPACIDAD,COMPARTIDA,TIPO,UBICACION,ID_OP) VALUES (26, 2, 0, 'HABITACION_HOTEL', '7866 Esch Pass HAB 61',6);
INSERT INTO ALOJAMIENTOS (ID,CAPACIDAD,COMPARTIDA,TIPO,UBICACION,ID_OP) VALUES (27, 2, 0, 'HABITACION_HOTEL', '7866 Esch Pass HAB 62',6); 
INSERT INTO ALOJAMIENTOS (ID,CAPACIDAD,COMPARTIDA,TIPO,UBICACION,ID_OP) VALUES (28, 2, 0, 'HABITACION_HOTEL', '7866 Esch Pass HAB 63',6); 
INSERT INTO ALOJAMIENTOS (ID,CAPACIDAD,COMPARTIDA,TIPO,UBICACION,ID_OP) VALUES (29, 4, 0, 'HABITACION_HOTEL', '7866 Esch Pass HAB 64',6); 
INSERT INTO ALOJAMIENTOS (ID,CAPACIDAD,COMPARTIDA,TIPO,UBICACION,ID_OP) VALUES (30, 4, 0, 'HABITACION_HOTEL', '7866 Esch Pass HAB 65',6);

/*--Séptimo hotel--*/
INSERT INTO ALOJAMIENTOS (ID,CAPACIDAD,COMPARTIDA,TIPO,UBICACION,ID_OP) VALUES (31, 2, 0, 'HABITACION_HOTEL', '69 Hanover Place HAB 71',7);
INSERT INTO ALOJAMIENTOS (ID,CAPACIDAD,COMPARTIDA,TIPO,UBICACION,ID_OP) VALUES (32, 2, 0, 'HABITACION_HOTEL', '69 Hanover Place HAB 72',7); 
INSERT INTO ALOJAMIENTOS (ID,CAPACIDAD,COMPARTIDA,TIPO,UBICACION,ID_OP) VALUES (33, 2, 0, 'HABITACION_HOTEL', '69 Hanover Place HAB 73',7); 
INSERT INTO ALOJAMIENTOS (ID,CAPACIDAD,COMPARTIDA,TIPO,UBICACION,ID_OP) VALUES (34, 4, 0, 'HABITACION_HOTEL', '69 Hanover Place HAB 74',7); 
INSERT INTO ALOJAMIENTOS (ID,CAPACIDAD,COMPARTIDA,TIPO,UBICACION,ID_OP) VALUES (35, 4, 0, 'HABITACION_HOTEL', '69 Hanover Place HAB 75',7);

/*--Octavo hotel--*/
INSERT INTO ALOJAMIENTOS (ID,CAPACIDAD,COMPARTIDA,TIPO,UBICACION,ID_OP) VALUES (36, 2, 0, 'HABITACION_HOTEL', '379 Eastwood Street HAB 81',8);
INSERT INTO ALOJAMIENTOS (ID,CAPACIDAD,COMPARTIDA,TIPO,UBICACION,ID_OP) VALUES (37, 2, 0, 'HABITACION_HOTEL', '379 Eastwood Street HAB 82',8); 
INSERT INTO ALOJAMIENTOS (ID,CAPACIDAD,COMPARTIDA,TIPO,UBICACION,ID_OP) VALUES (38, 2, 0, 'HABITACION_HOTEL', '379 Eastwood Street HAB 83',8); 
INSERT INTO ALOJAMIENTOS (ID,CAPACIDAD,COMPARTIDA,TIPO,UBICACION,ID_OP) VALUES (39, 4, 0, 'HABITACION_HOTEL', '379 Eastwood Street HAB 84',8); 
INSERT INTO ALOJAMIENTOS (ID,CAPACIDAD,COMPARTIDA,TIPO,UBICACION,ID_OP) VALUES (40, 4, 0, 'HABITACION_HOTEL', '379 Eastwood Street HAB 85',8);

/*--Noveno hotel--*/
INSERT INTO ALOJAMIENTOS (ID,CAPACIDAD,COMPARTIDA,TIPO,UBICACION,ID_OP) VALUES (41, 2, 0, 'HABITACION_HOTEL', '04 Paget Hill HAB 91',9);
INSERT INTO ALOJAMIENTOS (ID,CAPACIDAD,COMPARTIDA,TIPO,UBICACION,ID_OP) VALUES (42, 2, 0, 'HABITACION_HOTEL', '04 Paget Hill HAB 92',9); 
INSERT INTO ALOJAMIENTOS (ID,CAPACIDAD,COMPARTIDA,TIPO,UBICACION,ID_OP) VALUES (43, 2, 0, 'HABITACION_HOTEL', '04 Paget Hill HAB 93',9); 
INSERT INTO ALOJAMIENTOS (ID,CAPACIDAD,COMPARTIDA,TIPO,UBICACION,ID_OP) VALUES (44, 4, 0, 'HABITACION_HOTEL', '04 Paget Hill HAB 94',9); 
INSERT INTO ALOJAMIENTOS (ID,CAPACIDAD,COMPARTIDA,TIPO,UBICACION,ID_OP) VALUES (45, 4, 0, 'HABITACION_HOTEL', '04 Paget Hill HAB 95',9);

/*--Decimo hotel--*/
INSERT INTO ALOJAMIENTOS (ID,CAPACIDAD,COMPARTIDA,TIPO,UBICACION,ID_OP) VALUES (46, 2, 0, 'HABITACION_HOTEL', '2164 Holmberg Hill HAB 101',10);
INSERT INTO ALOJAMIENTOS (ID,CAPACIDAD,COMPARTIDA,TIPO,UBICACION,ID_OP) VALUES (47, 2, 0, 'HABITACION_HOTEL', '2164 Holmberg Hill HAB 102',10); 
INSERT INTO ALOJAMIENTOS (ID,CAPACIDAD,COMPARTIDA,TIPO,UBICACION,ID_OP) VALUES (48, 2, 0, 'HABITACION_HOTEL', '2164 Holmberg Hill HAB 103',10); 
INSERT INTO ALOJAMIENTOS (ID,CAPACIDAD,COMPARTIDA,TIPO,UBICACION,ID_OP) VALUES (49, 4, 0, 'HABITACION_HOTEL', '2164 Holmberg Hill HAB 104',10); 
INSERT INTO ALOJAMIENTOS (ID,CAPACIDAD,COMPARTIDA,TIPO,UBICACION,ID_OP) VALUES (50, 4, 0, 'HABITACION_HOTEL', '2164 Holmberg Hill HAB 105',10);

/*------Inserción de las habitaciones---*/
/*--Primer hotel--*/
INSERT INTO HABS_HOTELES (ID_AL,NUM_HAB,TIPO,TAMAÑO) VALUES (1,11,'ESTANDAR',20.5);
INSERT INTO HABS_HOTELES (ID_AL,NUM_HAB,TIPO,TAMAÑO) VALUES (2,12,'ESTANDAR',20.5);
INSERT INTO HABS_HOTELES (ID_AL,NUM_HAB,TIPO,TAMAÑO) VALUES (3,13,'ESTANDAR',20.5);
INSERT INTO HABS_HOTELES (ID_AL,NUM_HAB,TIPO,TAMAÑO) VALUES (4,14,'SEMISUITE',33.4);
INSERT INTO HABS_HOTELES (ID_AL,NUM_HAB,TIPO,TAMAÑO) VALUES (5,15,'SUITE',52.8);
/*--Segundo hotel--*/
INSERT INTO HABS_HOTELES (ID_AL,NUM_HAB,TIPO,TAMAÑO) VALUES (6,21,'ESTANDAR',20.5);
INSERT INTO HABS_HOTELES (ID_AL,NUM_HAB,TIPO,TAMAÑO) VALUES (7,22,'ESTANDAR',20.5);
INSERT INTO HABS_HOTELES (ID_AL,NUM_HAB,TIPO,TAMAÑO) VALUES (8,23,'ESTANDAR',20.5);
INSERT INTO HABS_HOTELES (ID_AL,NUM_HAB,TIPO,TAMAÑO) VALUES (9,24,'SEMISUITE',33.4);
INSERT INTO HABS_HOTELES (ID_AL,NUM_HAB,TIPO,TAMAÑO) VALUES (10,25,'SUITE',52.8);
/*--Tercer hotel--*/
INSERT INTO HABS_HOTELES (ID_AL,NUM_HAB,TIPO,TAMAÑO) VALUES (11,31,'ESTANDAR',20.5);
INSERT INTO HABS_HOTELES (ID_AL,NUM_HAB,TIPO,TAMAÑO) VALUES (12,32,'ESTANDAR',20.5);
INSERT INTO HABS_HOTELES (ID_AL,NUM_HAB,TIPO,TAMAÑO) VALUES (13,33,'ESTANDAR',20.5);
INSERT INTO HABS_HOTELES (ID_AL,NUM_HAB,TIPO,TAMAÑO) VALUES (14,34,'SEMISUITE',33.4);
INSERT INTO HABS_HOTELES (ID_AL,NUM_HAB,TIPO,TAMAÑO) VALUES (15,35,'SUITE',52.8);
/*--Cuarto hotel--*/
INSERT INTO HABS_HOTELES (ID_AL,NUM_HAB,TIPO,TAMAÑO) VALUES (16,41,'ESTANDAR',20.5);
INSERT INTO HABS_HOTELES (ID_AL,NUM_HAB,TIPO,TAMAÑO) VALUES (17,42,'ESTANDAR',20.5);
INSERT INTO HABS_HOTELES (ID_AL,NUM_HAB,TIPO,TAMAÑO) VALUES (18,43,'ESTANDAR',20.5);
INSERT INTO HABS_HOTELES (ID_AL,NUM_HAB,TIPO,TAMAÑO) VALUES (19,44,'SEMISUITE',33.4);
INSERT INTO HABS_HOTELES (ID_AL,NUM_HAB,TIPO,TAMAÑO) VALUES (20,45,'SUITE',52.8);
/*--Quinto hotel--*/
INSERT INTO HABS_HOTELES (ID_AL,NUM_HAB,TIPO,TAMAÑO) VALUES (21,51,'ESTANDAR',20.5);
INSERT INTO HABS_HOTELES (ID_AL,NUM_HAB,TIPO,TAMAÑO) VALUES (22,52,'ESTANDAR',20.5);
INSERT INTO HABS_HOTELES (ID_AL,NUM_HAB,TIPO,TAMAÑO) VALUES (23,53,'ESTANDAR',20.5);
INSERT INTO HABS_HOTELES (ID_AL,NUM_HAB,TIPO,TAMAÑO) VALUES (24,54,'SEMISUITE',33.4);
INSERT INTO HABS_HOTELES (ID_AL,NUM_HAB,TIPO,TAMAÑO) VALUES (25,55,'SUITE',52.8);
/*--Sexto hotel--*/
INSERT INTO HABS_HOTELES (ID_AL,NUM_HAB,TIPO,TAMAÑO) VALUES (26,61,'ESTANDAR',20.5);
INSERT INTO HABS_HOTELES (ID_AL,NUM_HAB,TIPO,TAMAÑO) VALUES (27,62,'ESTANDAR',20.5);
INSERT INTO HABS_HOTELES (ID_AL,NUM_HAB,TIPO,TAMAÑO) VALUES (28,63,'ESTANDAR',20.5);
INSERT INTO HABS_HOTELES (ID_AL,NUM_HAB,TIPO,TAMAÑO) VALUES (29,64,'SEMISUITE',33.4);
INSERT INTO HABS_HOTELES (ID_AL,NUM_HAB,TIPO,TAMAÑO) VALUES (30,65,'SUITE',52.8);

/*--Septimo hotel--*/
INSERT INTO HABS_HOTELES (ID_AL,NUM_HAB,TIPO,TAMAÑO) VALUES (31,71,'ESTANDAR',20.5);
INSERT INTO HABS_HOTELES (ID_AL,NUM_HAB,TIPO,TAMAÑO) VALUES (32,72,'ESTANDAR',20.5);
INSERT INTO HABS_HOTELES (ID_AL,NUM_HAB,TIPO,TAMAÑO) VALUES (33,73,'ESTANDAR',20.5);
INSERT INTO HABS_HOTELES (ID_AL,NUM_HAB,TIPO,TAMAÑO) VALUES (34,74,'SEMISUITE',33.4);
INSERT INTO HABS_HOTELES (ID_AL,NUM_HAB,TIPO,TAMAÑO) VALUES (35,75,'SUITE',52.8);

/*Octavo hotel--*/
INSERT INTO HABS_HOTELES (ID_AL,NUM_HAB,TIPO,TAMAÑO) VALUES (36,81,'ESTANDAR',20.5);
INSERT INTO HABS_HOTELES (ID_AL,NUM_HAB,TIPO,TAMAÑO) VALUES (37,82,'ESTANDAR',20.5);
INSERT INTO HABS_HOTELES (ID_AL,NUM_HAB,TIPO,TAMAÑO) VALUES (38,83,'ESTANDAR',20.5);
INSERT INTO HABS_HOTELES (ID_AL,NUM_HAB,TIPO,TAMAÑO) VALUES (39,84,'SEMISUITE',33.4);
INSERT INTO HABS_HOTELES (ID_AL,NUM_HAB,TIPO,TAMAÑO) VALUES (40,85,'SUITE',52.8);

/*--Noveno hotel--*/
INSERT INTO HABS_HOTELES (ID_AL,NUM_HAB,TIPO,TAMAÑO) VALUES (41,91,'ESTANDAR',20.5);
INSERT INTO HABS_HOTELES (ID_AL,NUM_HAB,TIPO,TAMAÑO) VALUES (42,92,'ESTANDAR',20.5);
INSERT INTO HABS_HOTELES (ID_AL,NUM_HAB,TIPO,TAMAÑO) VALUES (43,93,'ESTANDAR',20.5);
INSERT INTO HABS_HOTELES (ID_AL,NUM_HAB,TIPO,TAMAÑO) VALUES (44,94,'SEMISUITE',33.4);
INSERT INTO HABS_HOTELES (ID_AL,NUM_HAB,TIPO,TAMAÑO) VALUES (45,95,'SUITE',52.8);

/*--Decimo hotel--*/
INSERT INTO HABS_HOTELES (ID_AL,NUM_HAB,TIPO,TAMAÑO) VALUES (46,101,'ESTANDAR',20.5);
INSERT INTO HABS_HOTELES (ID_AL,NUM_HAB,TIPO,TAMAÑO) VALUES (47,102,'ESTANDAR',20.5);
INSERT INTO HABS_HOTELES (ID_AL,NUM_HAB,TIPO,TAMAÑO) VALUES (48,103,'ESTANDAR',20.5);
INSERT INTO HABS_HOTELES (ID_AL,NUM_HAB,TIPO,TAMAÑO) VALUES (49,104,'SEMISUITE',33.4);
INSERT INTO HABS_HOTELES (ID_AL,NUM_HAB,TIPO,TAMAÑO) VALUES (50,105,'SUITE',52.8);

/*--Inserción en ALOJ_SERV--*/
/*--HABITACIONES DEL HOTEL 1--*/
INSERT INTO ALOJ_SERV (ID_ALOJ,ID_SERV) VALUES (1,8);
INSERT INTO ALOJ_SERV (ID_ALOJ,ID_SERV) VALUES (1,1);
INSERT INTO ALOJ_SERV (ID_ALOJ,ID_SERV) VALUES (1,6);

INSERT INTO ALOJ_SERV (ID_ALOJ,ID_SERV) VALUES (2,8);
INSERT INTO ALOJ_SERV (ID_ALOJ,ID_SERV) VALUES (2,1);
INSERT INTO ALOJ_SERV (ID_ALOJ,ID_SERV) VALUES (2,6);

INSERT INTO ALOJ_SERV (ID_ALOJ,ID_SERV) VALUES (3,8);
INSERT INTO ALOJ_SERV (ID_ALOJ,ID_SERV) VALUES (3,1);
INSERT INTO ALOJ_SERV (ID_ALOJ,ID_SERV) VALUES (3,6);

INSERT INTO ALOJ_SERV (ID_ALOJ,ID_SERV) VALUES (4,8);
INSERT INTO ALOJ_SERV (ID_ALOJ,ID_SERV) VALUES (4,1);
INSERT INTO ALOJ_SERV (ID_ALOJ,ID_SERV) VALUES (4,6);
INSERT INTO ALOJ_SERV (ID_ALOJ,ID_SERV) VALUES (4,2);

INSERT INTO ALOJ_SERV (ID_ALOJ,ID_SERV) VALUES (5,8);
INSERT INTO ALOJ_SERV (ID_ALOJ,ID_SERV) VALUES (5,1);
INSERT INTO ALOJ_SERV (ID_ALOJ,ID_SERV) VALUES (5,6);
INSERT INTO ALOJ_SERV (ID_ALOJ,ID_SERV) VALUES (5,2);
INSERT INTO ALOJ_SERV (ID_ALOJ,ID_SERV) VALUES (5,5);
INSERT INTO ALOJ_SERV (ID_ALOJ,ID_SERV) VALUES (5,4);

/*--HABS HOTEL 2--*/
INSERT INTO ALOJ_SERV (ID_ALOJ,ID_SERV) VALUES (6,8);
INSERT INTO ALOJ_SERV (ID_ALOJ,ID_SERV) VALUES (6,1);
INSERT INTO ALOJ_SERV (ID_ALOJ,ID_SERV) VALUES (6,6);

INSERT INTO ALOJ_SERV (ID_ALOJ,ID_SERV) VALUES (7,8);
INSERT INTO ALOJ_SERV (ID_ALOJ,ID_SERV) VALUES (7,1);
INSERT INTO ALOJ_SERV (ID_ALOJ,ID_SERV) VALUES (7,6);

INSERT INTO ALOJ_SERV (ID_ALOJ,ID_SERV) VALUES (8,8);
INSERT INTO ALOJ_SERV (ID_ALOJ,ID_SERV) VALUES (8,1);
INSERT INTO ALOJ_SERV (ID_ALOJ,ID_SERV) VALUES (8,6);

INSERT INTO ALOJ_SERV (ID_ALOJ,ID_SERV) VALUES (9,8);
INSERT INTO ALOJ_SERV (ID_ALOJ,ID_SERV) VALUES (9,1);
INSERT INTO ALOJ_SERV (ID_ALOJ,ID_SERV) VALUES (9,6);
INSERT INTO ALOJ_SERV (ID_ALOJ,ID_SERV) VALUES (9,2);

INSERT INTO ALOJ_SERV (ID_ALOJ,ID_SERV) VALUES (10,8);
INSERT INTO ALOJ_SERV (ID_ALOJ,ID_SERV) VALUES (10,1);
INSERT INTO ALOJ_SERV (ID_ALOJ,ID_SERV) VALUES (10,6);
INSERT INTO ALOJ_SERV (ID_ALOJ,ID_SERV) VALUES (10,2);
INSERT INTO ALOJ_SERV (ID_ALOJ,ID_SERV) VALUES (10,5);
INSERT INTO ALOJ_SERV (ID_ALOJ,ID_SERV) VALUES (10,4);

/*--habs hotel 3-*/
INSERT INTO ALOJ_SERV (ID_ALOJ,ID_SERV) VALUES (11,8);
INSERT INTO ALOJ_SERV (ID_ALOJ,ID_SERV) VALUES (11,1);
INSERT INTO ALOJ_SERV (ID_ALOJ,ID_SERV) VALUES (11,6);

INSERT INTO ALOJ_SERV (ID_ALOJ,ID_SERV) VALUES (12,8);
INSERT INTO ALOJ_SERV (ID_ALOJ,ID_SERV) VALUES (12,1);
INSERT INTO ALOJ_SERV (ID_ALOJ,ID_SERV) VALUES (12,6);

INSERT INTO ALOJ_SERV (ID_ALOJ,ID_SERV) VALUES (13,8);
INSERT INTO ALOJ_SERV (ID_ALOJ,ID_SERV) VALUES (13,1);
INSERT INTO ALOJ_SERV (ID_ALOJ,ID_SERV) VALUES (13,6);

INSERT INTO ALOJ_SERV (ID_ALOJ,ID_SERV) VALUES (14,8);
INSERT INTO ALOJ_SERV (ID_ALOJ,ID_SERV) VALUES (14,1);
INSERT INTO ALOJ_SERV (ID_ALOJ,ID_SERV) VALUES (14,6);
INSERT INTO ALOJ_SERV (ID_ALOJ,ID_SERV) VALUES (14,2);

INSERT INTO ALOJ_SERV (ID_ALOJ,ID_SERV) VALUES (15,8);
INSERT INTO ALOJ_SERV (ID_ALOJ,ID_SERV) VALUES (15,1);
INSERT INTO ALOJ_SERV (ID_ALOJ,ID_SERV) VALUES (15,6);
INSERT INTO ALOJ_SERV (ID_ALOJ,ID_SERV) VALUES (15,2);
INSERT INTO ALOJ_SERV (ID_ALOJ,ID_SERV) VALUES (15,5);
INSERT INTO ALOJ_SERV (ID_ALOJ,ID_SERV) VALUES (15,4);

/*--habs hotel 4-*/
INSERT INTO ALOJ_SERV (ID_ALOJ,ID_SERV) VALUES (16,8);
INSERT INTO ALOJ_SERV (ID_ALOJ,ID_SERV) VALUES (16,1);
INSERT INTO ALOJ_SERV (ID_ALOJ,ID_SERV) VALUES (16,6);

INSERT INTO ALOJ_SERV (ID_ALOJ,ID_SERV) VALUES (17,8);
INSERT INTO ALOJ_SERV (ID_ALOJ,ID_SERV) VALUES (17,1);
INSERT INTO ALOJ_SERV (ID_ALOJ,ID_SERV) VALUES (17,6);

INSERT INTO ALOJ_SERV (ID_ALOJ,ID_SERV) VALUES (18,8);
INSERT INTO ALOJ_SERV (ID_ALOJ,ID_SERV) VALUES (18,1);
INSERT INTO ALOJ_SERV (ID_ALOJ,ID_SERV) VALUES (18,6);

INSERT INTO ALOJ_SERV (ID_ALOJ,ID_SERV) VALUES (19,8);
INSERT INTO ALOJ_SERV (ID_ALOJ,ID_SERV) VALUES (19,1);
INSERT INTO ALOJ_SERV (ID_ALOJ,ID_SERV) VALUES (19,6);
INSERT INTO ALOJ_SERV (ID_ALOJ,ID_SERV) VALUES (19,2);

INSERT INTO ALOJ_SERV (ID_ALOJ,ID_SERV) VALUES (20,8);
INSERT INTO ALOJ_SERV (ID_ALOJ,ID_SERV) VALUES (20,1);
INSERT INTO ALOJ_SERV (ID_ALOJ,ID_SERV) VALUES (20,6);
INSERT INTO ALOJ_SERV (ID_ALOJ,ID_SERV) VALUES (20,2);
INSERT INTO ALOJ_SERV (ID_ALOJ,ID_SERV) VALUES (20,5);
INSERT INTO ALOJ_SERV (ID_ALOJ,ID_SERV) VALUES (20,4);

/*--habs hotel 5-*/
INSERT INTO ALOJ_SERV (ID_ALOJ,ID_SERV) VALUES (21,8);
INSERT INTO ALOJ_SERV (ID_ALOJ,ID_SERV) VALUES (21,1);
INSERT INTO ALOJ_SERV (ID_ALOJ,ID_SERV) VALUES (21,6);

INSERT INTO ALOJ_SERV (ID_ALOJ,ID_SERV) VALUES (22,8);
INSERT INTO ALOJ_SERV (ID_ALOJ,ID_SERV) VALUES (22,1);
INSERT INTO ALOJ_SERV (ID_ALOJ,ID_SERV) VALUES (22,6);

INSERT INTO ALOJ_SERV (ID_ALOJ,ID_SERV) VALUES (23,8);
INSERT INTO ALOJ_SERV (ID_ALOJ,ID_SERV) VALUES (23,1);
INSERT INTO ALOJ_SERV (ID_ALOJ,ID_SERV) VALUES (23,6);

INSERT INTO ALOJ_SERV (ID_ALOJ,ID_SERV) VALUES (24,8);
INSERT INTO ALOJ_SERV (ID_ALOJ,ID_SERV) VALUES (24,1);
INSERT INTO ALOJ_SERV (ID_ALOJ,ID_SERV) VALUES (24,6);
INSERT INTO ALOJ_SERV (ID_ALOJ,ID_SERV) VALUES (24,2);

INSERT INTO ALOJ_SERV (ID_ALOJ,ID_SERV) VALUES (25,8);
INSERT INTO ALOJ_SERV (ID_ALOJ,ID_SERV) VALUES (25,1);
INSERT INTO ALOJ_SERV (ID_ALOJ,ID_SERV) VALUES (25,6);
INSERT INTO ALOJ_SERV (ID_ALOJ,ID_SERV) VALUES (25,2);
INSERT INTO ALOJ_SERV (ID_ALOJ,ID_SERV) VALUES (25,5);
INSERT INTO ALOJ_SERV (ID_ALOJ,ID_SERV) VALUES (25,4);

/*--habs hotel 6-*/
INSERT INTO ALOJ_SERV (ID_ALOJ,ID_SERV) VALUES (26,8);
INSERT INTO ALOJ_SERV (ID_ALOJ,ID_SERV) VALUES (26,1);
INSERT INTO ALOJ_SERV (ID_ALOJ,ID_SERV) VALUES (26,6);

INSERT INTO ALOJ_SERV (ID_ALOJ,ID_SERV) VALUES (27,8);
INSERT INTO ALOJ_SERV (ID_ALOJ,ID_SERV) VALUES (27,1);
INSERT INTO ALOJ_SERV (ID_ALOJ,ID_SERV) VALUES (27,6);

INSERT INTO ALOJ_SERV (ID_ALOJ,ID_SERV) VALUES (28,8);
INSERT INTO ALOJ_SERV (ID_ALOJ,ID_SERV) VALUES (28,1);
INSERT INTO ALOJ_SERV (ID_ALOJ,ID_SERV) VALUES (28,6);

INSERT INTO ALOJ_SERV (ID_ALOJ,ID_SERV) VALUES (29,8);
INSERT INTO ALOJ_SERV (ID_ALOJ,ID_SERV) VALUES (29,1);
INSERT INTO ALOJ_SERV (ID_ALOJ,ID_SERV) VALUES (29,6);
INSERT INTO ALOJ_SERV (ID_ALOJ,ID_SERV) VALUES (29,2);

INSERT INTO ALOJ_SERV (ID_ALOJ,ID_SERV) VALUES (30,8);
INSERT INTO ALOJ_SERV (ID_ALOJ,ID_SERV) VALUES (30,1);
INSERT INTO ALOJ_SERV (ID_ALOJ,ID_SERV) VALUES (30,6);
INSERT INTO ALOJ_SERV (ID_ALOJ,ID_SERV) VALUES (30,2);
INSERT INTO ALOJ_SERV (ID_ALOJ,ID_SERV) VALUES (30,5);
INSERT INTO ALOJ_SERV (ID_ALOJ,ID_SERV) VALUES (30,4);

/*--habs hotel 7-*/
INSERT INTO ALOJ_SERV (ID_ALOJ,ID_SERV) VALUES (31,8);
INSERT INTO ALOJ_SERV (ID_ALOJ,ID_SERV) VALUES (31,1);
INSERT INTO ALOJ_SERV (ID_ALOJ,ID_SERV) VALUES (31,6);

INSERT INTO ALOJ_SERV (ID_ALOJ,ID_SERV) VALUES (32,8);
INSERT INTO ALOJ_SERV (ID_ALOJ,ID_SERV) VALUES (32,1);
INSERT INTO ALOJ_SERV (ID_ALOJ,ID_SERV) VALUES (32,6);

INSERT INTO ALOJ_SERV (ID_ALOJ,ID_SERV) VALUES (33,8);
INSERT INTO ALOJ_SERV (ID_ALOJ,ID_SERV) VALUES (33,1);
INSERT INTO ALOJ_SERV (ID_ALOJ,ID_SERV) VALUES (33,6);

INSERT INTO ALOJ_SERV (ID_ALOJ,ID_SERV) VALUES (34,8);
INSERT INTO ALOJ_SERV (ID_ALOJ,ID_SERV) VALUES (34,1);
INSERT INTO ALOJ_SERV (ID_ALOJ,ID_SERV) VALUES (34,6);
INSERT INTO ALOJ_SERV (ID_ALOJ,ID_SERV) VALUES (34,2);

INSERT INTO ALOJ_SERV (ID_ALOJ,ID_SERV) VALUES (35,8);
INSERT INTO ALOJ_SERV (ID_ALOJ,ID_SERV) VALUES (35,1);
INSERT INTO ALOJ_SERV (ID_ALOJ,ID_SERV) VALUES (35,6);
INSERT INTO ALOJ_SERV (ID_ALOJ,ID_SERV) VALUES (35,2);
INSERT INTO ALOJ_SERV (ID_ALOJ,ID_SERV) VALUES (35,5);
INSERT INTO ALOJ_SERV (ID_ALOJ,ID_SERV) VALUES (35,4);

/*--habs hotel 8-*/
INSERT INTO ALOJ_SERV (ID_ALOJ,ID_SERV) VALUES (36,8);
INSERT INTO ALOJ_SERV (ID_ALOJ,ID_SERV) VALUES (36,1);
INSERT INTO ALOJ_SERV (ID_ALOJ,ID_SERV) VALUES (36,6);

INSERT INTO ALOJ_SERV (ID_ALOJ,ID_SERV) VALUES (37,8);
INSERT INTO ALOJ_SERV (ID_ALOJ,ID_SERV) VALUES (37,1);
INSERT INTO ALOJ_SERV (ID_ALOJ,ID_SERV) VALUES (37,6);

INSERT INTO ALOJ_SERV (ID_ALOJ,ID_SERV) VALUES (38,8);
INSERT INTO ALOJ_SERV (ID_ALOJ,ID_SERV) VALUES (38,1);
INSERT INTO ALOJ_SERV (ID_ALOJ,ID_SERV) VALUES (38,6);

INSERT INTO ALOJ_SERV (ID_ALOJ,ID_SERV) VALUES (39,8);
INSERT INTO ALOJ_SERV (ID_ALOJ,ID_SERV) VALUES (39,1);
INSERT INTO ALOJ_SERV (ID_ALOJ,ID_SERV) VALUES (39,6);
INSERT INTO ALOJ_SERV (ID_ALOJ,ID_SERV) VALUES (39,2);

INSERT INTO ALOJ_SERV (ID_ALOJ,ID_SERV) VALUES (40,8);
INSERT INTO ALOJ_SERV (ID_ALOJ,ID_SERV) VALUES (40,1);
INSERT INTO ALOJ_SERV (ID_ALOJ,ID_SERV) VALUES (40,6);
INSERT INTO ALOJ_SERV (ID_ALOJ,ID_SERV) VALUES (40,2);
INSERT INTO ALOJ_SERV (ID_ALOJ,ID_SERV) VALUES (40,5);
INSERT INTO ALOJ_SERV (ID_ALOJ,ID_SERV) VALUES (40,4);

/*--habs hotel 9--*/
INSERT INTO ALOJ_SERV (ID_ALOJ,ID_SERV) VALUES (41,8);
INSERT INTO ALOJ_SERV (ID_ALOJ,ID_SERV) VALUES (41,1);
INSERT INTO ALOJ_SERV (ID_ALOJ,ID_SERV) VALUES (41,6);

INSERT INTO ALOJ_SERV (ID_ALOJ,ID_SERV) VALUES (42,8);
INSERT INTO ALOJ_SERV (ID_ALOJ,ID_SERV) VALUES (42,1);
INSERT INTO ALOJ_SERV (ID_ALOJ,ID_SERV) VALUES (42,6);

INSERT INTO ALOJ_SERV (ID_ALOJ,ID_SERV) VALUES (43,8);
INSERT INTO ALOJ_SERV (ID_ALOJ,ID_SERV) VALUES (43,1);
INSERT INTO ALOJ_SERV (ID_ALOJ,ID_SERV) VALUES (43,6);

INSERT INTO ALOJ_SERV (ID_ALOJ,ID_SERV) VALUES (44,8);
INSERT INTO ALOJ_SERV (ID_ALOJ,ID_SERV) VALUES (44,1);
INSERT INTO ALOJ_SERV (ID_ALOJ,ID_SERV) VALUES (44,6);
INSERT INTO ALOJ_SERV (ID_ALOJ,ID_SERV) VALUES (44,2);

INSERT INTO ALOJ_SERV (ID_ALOJ,ID_SERV) VALUES (45,8);
INSERT INTO ALOJ_SERV (ID_ALOJ,ID_SERV) VALUES (45,1);
INSERT INTO ALOJ_SERV (ID_ALOJ,ID_SERV) VALUES (45,6);
INSERT INTO ALOJ_SERV (ID_ALOJ,ID_SERV) VALUES (45,2);
INSERT INTO ALOJ_SERV (ID_ALOJ,ID_SERV) VALUES (45,5);
INSERT INTO ALOJ_SERV (ID_ALOJ,ID_SERV) VALUES (45,4);

/*--habs hotel 10-*/
INSERT INTO ALOJ_SERV (ID_ALOJ,ID_SERV) VALUES (46,8);
INSERT INTO ALOJ_SERV (ID_ALOJ,ID_SERV) VALUES (46,1);
INSERT INTO ALOJ_SERV (ID_ALOJ,ID_SERV) VALUES (46,6);

INSERT INTO ALOJ_SERV (ID_ALOJ,ID_SERV) VALUES (47,8);
INSERT INTO ALOJ_SERV (ID_ALOJ,ID_SERV) VALUES (47,1);
INSERT INTO ALOJ_SERV (ID_ALOJ,ID_SERV) VALUES (47,6);

INSERT INTO ALOJ_SERV (ID_ALOJ,ID_SERV) VALUES (48,8);
INSERT INTO ALOJ_SERV (ID_ALOJ,ID_SERV) VALUES (48,1);
INSERT INTO ALOJ_SERV (ID_ALOJ,ID_SERV) VALUES (48,6);

INSERT INTO ALOJ_SERV (ID_ALOJ,ID_SERV) VALUES (49,8);
INSERT INTO ALOJ_SERV (ID_ALOJ,ID_SERV) VALUES (49,1);
INSERT INTO ALOJ_SERV (ID_ALOJ,ID_SERV) VALUES (49,6);
INSERT INTO ALOJ_SERV (ID_ALOJ,ID_SERV) VALUES (49,2);

INSERT INTO ALOJ_SERV (ID_ALOJ,ID_SERV) VALUES (50,8);
INSERT INTO ALOJ_SERV (ID_ALOJ,ID_SERV) VALUES (50,1);
INSERT INTO ALOJ_SERV (ID_ALOJ,ID_SERV) VALUES (50,6);
INSERT INTO ALOJ_SERV (ID_ALOJ,ID_SERV) VALUES (50,2);
INSERT INTO ALOJ_SERV (ID_ALOJ,ID_SERV) VALUES (50,5);
INSERT INTO ALOJ_SERV (ID_ALOJ,ID_SERV) VALUES (50,4);

/*Inserción en operadores*/
INSERT INTO OPERADORES (ID, NOMBRE, TIPO) VALUES (11,'HOSTAL1','HOSTAL');
INSERT INTO OPERADORES (ID, NOMBRE, TIPO) VALUES (12,'HOSTAL2','HOSTAL');
INSERT INTO OPERADORES (ID, NOMBRE, TIPO) VALUES (13,'HOSTAL3','HOSTAL');
INSERT INTO OPERADORES (ID, NOMBRE, TIPO) VALUES (14,'HOSTAL4','HOSTAL');
INSERT INTO OPERADORES (ID, NOMBRE, TIPO) VALUES (15,'HOSTAL5','HOSTAL');
INSERT INTO OPERADORES (ID, NOMBRE, TIPO) VALUES (16,'HOSTAL6','HOSTAL');
INSERT INTO OPERADORES (ID, NOMBRE, TIPO) VALUES (17,'HOSTAL7','HOSTAL');
INSERT INTO OPERADORES (ID, NOMBRE, TIPO) VALUES (18,'HOSTAL8','HOSTAL');
INSERT INTO OPERADORES (ID, NOMBRE, TIPO) VALUES (19,'HOSTAL9','HOSTAL');
INSERT INTO OPERADORES (ID, NOMBRE, TIPO) VALUES (20,'HOSTAL10','HOSTAL');
INSERT INTO OPERADORES (ID, NOMBRE, TIPO) VALUES (21,'HOSTAL11','HOSTAL');
INSERT INTO OPERADORES (ID, NOMBRE, TIPO) VALUES (22,'HOSTAL12','HOSTAL');

/*Inserción en hostales*/
INSERT INTO HOSTALES (ID_OP, HORARIO_APERTURA, HORARIO_CIERRE, DIRECCION, REGISTRO_CAMARA, REGISTRO_SUPER) VALUES (11,'8 am','10 pm,','7 Forest Terrace', '20-977-8455', '05-406-4427');
INSERT INTO HOSTALES (ID_OP, HORARIO_APERTURA, HORARIO_CIERRE, DIRECCION, REGISTRO_CAMARA, REGISTRO_SUPER) VALUES (12,'8:30 am','11:59 pm,','4591 Rieder Point', '97-875-8496', '11-716-1292');
INSERT INTO HOSTALES (ID_OP, HORARIO_APERTURA, HORARIO_CIERRE, DIRECCION, REGISTRO_CAMARA, REGISTRO_SUPER) VALUES (13,'6 am','10 pm,','0595 Valley Edge Avenue', '68-505-0715', '95-576-5311');
INSERT INTO HOSTALES (ID_OP, HORARIO_APERTURA, HORARIO_CIERRE, DIRECCION, REGISTRO_CAMARA, REGISTRO_SUPER) VALUES (14,'8 am','9pm,','76706 Laurel Alley', '79-319-8304', '64-600-3096');
INSERT INTO HOSTALES (ID_OP, HORARIO_APERTURA, HORARIO_CIERRE, DIRECCION, REGISTRO_CAMARA, REGISTRO_SUPER) VALUES (15,'5 am','5 pm,','2 Crownhardt Park', '97-590-9213', '56-630-7460');
INSERT INTO HOSTALES (ID_OP, HORARIO_APERTURA, HORARIO_CIERRE, DIRECCION, REGISTRO_CAMARA, REGISTRO_SUPER) VALUES (16,'10 am','2 am,','00414 Oneill Point', '32-325-0645', '82-962-7678');
INSERT INTO HOSTALES (ID_OP, HORARIO_APERTURA, HORARIO_CIERRE, DIRECCION, REGISTRO_CAMARA, REGISTRO_SUPER) VALUES (17,'7 am','10 pm,','29885 Randy Circle', '17-203-4922', '69-886-1945');
INSERT INTO HOSTALES (ID_OP, HORARIO_APERTURA, HORARIO_CIERRE, DIRECCION, REGISTRO_CAMARA, REGISTRO_SUPER) VALUES (18,'6:30 am','11 pm,','869 Ohio Terrace', '05-752-8589', '61-347-7476');
INSERT INTO HOSTALES (ID_OP, HORARIO_APERTURA, HORARIO_CIERRE, DIRECCION, REGISTRO_CAMARA, REGISTRO_SUPER) VALUES (19,'8 am','9 pm,','33011 Dennis Pass', '19-208-9616', '94-263-2460');
INSERT INTO HOSTALES (ID_OP, HORARIO_APERTURA, HORARIO_CIERRE, DIRECCION, REGISTRO_CAMARA, REGISTRO_SUPER) VALUES (20,'8 am','12 pm,','18 Susan Lane', '03-464-5706', '06-698-5811');
INSERT INTO HOSTALES (ID_OP, HORARIO_APERTURA, HORARIO_CIERRE, DIRECCION, REGISTRO_CAMARA, REGISTRO_SUPER) VALUES (21,'8 am','11 pm,','785 Sutherland Hill', '90-692-6994', '54-988-2627');
INSERT INTO HOSTALES (ID_OP, HORARIO_APERTURA, HORARIO_CIERRE, DIRECCION, REGISTRO_CAMARA, REGISTRO_SUPER) VALUES (22,'4 am','8 pm,','66832 Mallard Lane','44-901-0212', '45-074-2321');

/*Inserción en alojamientos*/

/*Primer hostal*/
INSERT INTO ALOJAMIENTOS(ID, CAPACIDAD, COMPARTIDA,TIPO,UBICACION,ID_OP) VALUES (51, 1, 1, 'HABITACION_HOSTAL','7 Forest Terrace HAB 1',11);
INSERT INTO ALOJAMIENTOS(ID, CAPACIDAD, COMPARTIDA,TIPO,UBICACION,ID_OP) VALUES (52, 1, 1, 'HABITACION_HOSTAL','7 Forest Terrace HAB 2',11);

/*Segundo hostal*/
INSERT INTO ALOJAMIENTOS(ID, CAPACIDAD, COMPARTIDA,TIPO,UBICACION,ID_OP) VALUES (53, 1, 1, 'HABITACION_HOSTAL','4591 Rieder Point HAB 1',12);
INSERT INTO ALOJAMIENTOS(ID, CAPACIDAD, COMPARTIDA,TIPO,UBICACION,ID_OP) VALUES (54, 1, 1, 'HABITACION_HOSTAL','4591 Rieder Point HAB 2',12);

/*Tercer hostal*/
INSERT INTO ALOJAMIENTOS(ID, CAPACIDAD, COMPARTIDA,TIPO,UBICACION,ID_OP) VALUES (55, 1, 1, 'HABITACION_HOSTAL','0595 Valley Edge Avenue HAB 1',13);
INSERT INTO ALOJAMIENTOS(ID, CAPACIDAD, COMPARTIDA,TIPO,UBICACION,ID_OP) VALUES (56, 1, 1, 'HABITACION_HOSTAL','0595 Valley Edge Avenue HAB 2',13);

/*Cuarto hostal*/
INSERT INTO ALOJAMIENTOS(ID, CAPACIDAD, COMPARTIDA,TIPO,UBICACION,ID_OP) VALUES (57, 1, 1, 'HABITACION_HOSTAL','76706 Laurel Alley HAB 1',14);
INSERT INTO ALOJAMIENTOS(ID, CAPACIDAD, COMPARTIDA,TIPO,UBICACION,ID_OP) VALUES (58, 1, 1, 'HABITACION_HOSTAL','76706 Laurel Alley HAB 2',14);

/* QUINTO HOSTAL*/
INSERT INTO ALOJAMIENTOS(ID, CAPACIDAD, COMPARTIDA,TIPO,UBICACION,ID_OP) VALUES (59, 1, 1, 'HABITACION_HOSTAL','2 Crownhardt Park HAB 1',15);
INSERT INTO ALOJAMIENTOS(ID, CAPACIDAD, COMPARTIDA,TIPO,UBICACION,ID_OP) VALUES (60, 1, 1, 'HABITACION_HOSTAL','2 Crownhardt Park HAB 2',15);

/*SEXTO HOSTAL*/
INSERT INTO ALOJAMIENTOS(ID, CAPACIDAD, COMPARTIDA,TIPO,UBICACION,ID_OP) VALUES (61, 1, 1, 'HABITACION_HOSTAL','00414 Oneill Point HAB 1',16);
INSERT INTO ALOJAMIENTOS(ID, CAPACIDAD, COMPARTIDA,TIPO,UBICACION,ID_OP) VALUES (62, 1, 1, 'HABITACION_HOSTAL','00414 Oneill Point HAB 2',16);

/*SEPTIMO HOSTAL*/
INSERT INTO ALOJAMIENTOS(ID, CAPACIDAD, COMPARTIDA,TIPO,UBICACION,ID_OP) VALUES (63, 1, 1, 'HABITACION_HOSTAL','29885 Randy Circle HAB 1',17);
INSERT INTO ALOJAMIENTOS(ID, CAPACIDAD, COMPARTIDA,TIPO,UBICACION,ID_OP) VALUES (64, 1, 1, 'HABITACION_HOSTAL','29885 Randy Circle HAB 2',17);

/*OCTAVO HOSTAL*/
INSERT INTO ALOJAMIENTOS(ID, CAPACIDAD, COMPARTIDA,TIPO,UBICACION,ID_OP) VALUES (65, 1, 1, 'HABITACION_HOSTAL','869 Ohio Terrace HAB 1',18);
INSERT INTO ALOJAMIENTOS(ID, CAPACIDAD, COMPARTIDA,TIPO,UBICACION,ID_OP) VALUES (66, 1, 1, 'HABITACION_HOSTAL','869 Ohio Terrace HAB 2',18);

/*NOVENO HOSTAL*/
INSERT INTO ALOJAMIENTOS(ID, CAPACIDAD, COMPARTIDA,TIPO,UBICACION,ID_OP) VALUES (67, 1, 1, 'HABITACION_HOSTAL','33011 Dennis Pass HAB 1',19);
INSERT INTO ALOJAMIENTOS(ID, CAPACIDAD, COMPARTIDA,TIPO,UBICACION,ID_OP) VALUES (68, 1, 1, 'HABITACION_HOSTAL','33011 Dennis Pass HAB 2',19);

/*DECIMO HOSTAL*/
INSERT INTO ALOJAMIENTOS(ID, CAPACIDAD, COMPARTIDA,TIPO,UBICACION,ID_OP) VALUES (69, 1, 1, 'HABITACION_HOSTAL','18 Susan Lane HAB 1',20);
INSERT INTO ALOJAMIENTOS(ID, CAPACIDAD, COMPARTIDA,TIPO,UBICACION,ID_OP) VALUES (70, 1, 1, 'HABITACION_HOSTAL','18 Susan Lane HAB 2',20);

/* ONCEAVO HOSTAL*/
INSERT INTO ALOJAMIENTOS(ID, CAPACIDAD, COMPARTIDA,TIPO,UBICACION,ID_OP) VALUES (71, 1, 1, 'HABITACION_HOSTAL','785 Sutherland Hill HAB 1',21);
INSERT INTO ALOJAMIENTOS(ID, CAPACIDAD, COMPARTIDA,TIPO,UBICACION,ID_OP) VALUES (72, 1, 1, 'HABITACION_HOSTAL','785 Sutherland Hill HAB 2',21);

/*DOCEAVO HOSTAL*/
INSERT INTO ALOJAMIENTOS(ID, CAPACIDAD, COMPARTIDA,TIPO,UBICACION,ID_OP) VALUES (73, 1, 1, 'HABITACION_HOSTAL','0595 Valley Edge Avenue HAB 1',22);
INSERT INTO ALOJAMIENTOS(ID, CAPACIDAD, COMPARTIDA,TIPO,UBICACION,ID_OP) VALUES (74, 1, 1, 'HABITACION_HOSTAL','0595 Valley Edge Avenue HAB 2',22);

/*Inserción en habitaciónes*/

/*primer hostal*/
INSERT INTO HABS_HOSTALES (ID_AL, NUMERO, NUM_COMP) VALUES (51,1,5);
INSERT INTO HABS_HOSTALES (ID_AL, NUMERO, NUM_COMP) VALUES (52,2,5);

/*segundo hostal*/
INSERT INTO HABS_HOSTALES (ID_AL, NUMERO, NUM_COMP) VALUES (53,1,6);
INSERT INTO HABS_HOSTALES (ID_AL, NUMERO, NUM_COMP) VALUES (54,2,4);

/*tercer hostal*/
INSERT INTO HABS_HOSTALES (ID_AL, NUMERO, NUM_COMP) VALUES (55,1,7);
INSERT INTO HABS_HOSTALES (ID_AL, NUMERO, NUM_COMP) VALUES (56,2,8);

/*cuarto hostal*/
INSERT INTO HABS_HOSTALES (ID_AL, NUMERO, NUM_COMP) VALUES (57,1,6);
INSERT INTO HABS_HOSTALES (ID_AL, NUMERO, NUM_COMP) VALUES (58,2,6);

/*quinto hostal*/
INSERT INTO HABS_HOSTALES (ID_AL, NUMERO, NUM_COMP) VALUES (59,1,3);
INSERT INTO HABS_HOSTALES (ID_AL, NUMERO, NUM_COMP) VALUES (60,2,3);

/*sexto hostal*/
INSERT INTO HABS_HOSTALES (ID_AL, NUMERO, NUM_COMP) VALUES (61,1,2);
INSERT INTO HABS_HOSTALES (ID_AL, NUMERO, NUM_COMP) VALUES (62,2,3);

/*séptimo hostal*/
INSERT INTO HABS_HOSTALES (ID_AL, NUMERO, NUM_COMP) VALUES (63,1,10);
INSERT INTO HABS_HOSTALES (ID_AL, NUMERO, NUM_COMP) VALUES (64,2,10);

/*Octavo hostal*/
INSERT INTO HABS_HOSTALES (ID_AL, NUMERO, NUM_COMP) VALUES (65,1,9);
INSERT INTO HABS_HOSTALES (ID_AL, NUMERO, NUM_COMP) VALUES (66,2,8);

/*Noveno hostal*/
INSERT INTO HABS_HOSTALES (ID_AL, NUMERO, NUM_COMP) VALUES (67,1,13);
INSERT INTO HABS_HOSTALES (ID_AL, NUMERO, NUM_COMP) VALUES (68,2,10);

/*Décimo hostal*/
INSERT INTO HABS_HOSTALES (ID_AL, NUMERO, NUM_COMP) VALUES (69,1,5);
INSERT INTO HABS_HOSTALES (ID_AL, NUMERO, NUM_COMP) VALUES (70,2,5);

/*Onceavo hostal*/
INSERT INTO HABS_HOSTALES (ID_AL, NUMERO, NUM_COMP) VALUES (71,1,3);
INSERT INTO HABS_HOSTALES (ID_AL, NUMERO, NUM_COMP) VALUES (72,2,6);

/*Doceavo hostal*/
INSERT INTO HABS_HOSTALES (ID_AL, NUMERO, NUM_COMP) VALUES (73,1,6);
INSERT INTO HABS_HOSTALES (ID_AL, NUMERO, NUM_COMP) VALUES (74,2,4);


/*INSERCIÓN PERSONA NATURAL*/
/*inserción en operadores*/
INSERT INTO OPERADORES(ID,NOMBRE,TIPO) VALUES (24,'Bettye','VECINO');
INSERT INTO OPERADORES(ID,NOMBRE,TIPO) VALUES (25,'Ethe','PROFESOR');
INSERT INTO OPERADORES(ID,NOMBRE,TIPO) VALUES (26,'Emmy','EMPLEADO');
INSERT INTO OPERADORES(ID,NOMBRE,TIPO) VALUES (27,'Ardelia','EGRESADO');
INSERT INTO OPERADORES(ID,NOMBRE,TIPO) VALUES (28,'Brynna','PADRE');
INSERT INTO OPERADORES(ID,NOMBRE,TIPO) VALUES (29,'Mathew','ESTUDIANTE');
/*inserción personas*/
INSERT INTO PERSONAS_NAT (ID_OP,APELLIDO,TIPO_DOCUMENTO,NUM_DOCUMENTO,TIPO) VALUES (24,'Kenworthey','CEDULA_CIUDADANIA',9040418416,'VECINO');
INSERT INTO PERSONAS_NAT (ID_OP,APELLIDO,TIPO_DOCUMENTO,NUM_DOCUMENTO,TIPO) VALUES (25,'Aguirrezabal','CEDULA_EXTRANJERIA',4900803555,'MIEMBRO_COMUNIDAD');
INSERT INTO PERSONAS_NAT (ID_OP,APELLIDO,TIPO_DOCUMENTO,NUM_DOCUMENTO,TIPO) VALUES (26,'Selcraig','PASAPORTE',3591343552,'MIEMBRO_COMUNIDAD');
INSERT INTO PERSONAS_NAT (ID_OP,APELLIDO,TIPO_DOCUMENTO,NUM_DOCUMENTO,TIPO) VALUES (27,'Adacot','CEDULA_CIUDADANIA',7998369309,'MIEMBRO_COMUNIDAD');
INSERT INTO PERSONAS_NAT (ID_OP,APELLIDO,TIPO_DOCUMENTO,NUM_DOCUMENTO,TIPO) VALUES (28,'Fulcher','CEDULA_CIUDADANIA',1222774215,'MIEMBRO_COMUNIDAD');
INSERT INTO PERSONAS_NAT (ID_OP,APELLIDO,TIPO_DOCUMENTO,NUM_DOCUMENTO,TIPO) VALUES (29,'Legion','TARJETA_IDENTIDAD',1706274169,'MIEMBRO_COMUNIDAD');
/*inserción apto p1*/
INSERT INTO ALOJAMIENTOS (ID,CAPACIDAD,COMPARTIDA,TIPO,UBICACION,ID_OP) VALUES (81,3,0,'APARTAMENTO', 'CHAPINERO',25);
INSERT INTO APARTAMENTOS (ID_AL) VALUES(81);
INSERT INTO ALOJ_SERV (ID_ALOJ,ID_SERV) VALUES (81,9);

/*Inserción habitaciones p2*/
INSERT INTO ALOJAMIENTOS (ID, CAPACIDAD, COMPARTIDA, TIPO, UBICACION,ID_OP) VALUES (82,1,1,'HABITACION_CASA', 'FENICIA',24);
INSERT INTO ALOJAMIENTOS (ID, CAPACIDAD, COMPARTIDA, TIPO, UBICACION,ID_OP) VALUES (83,1,0,'HABITACION_CASA', 'FENICIA',24);

INSERT INTO HABS_HOSTS(ID_AL,NUM_COMP) VALUES(82,1);
INSERT INTO HABS_HOSTS(ID_AL,NUM_COMP) VALUES(83,0);

INSERT INTO ALOJ_SERV(ID_ALOJ,ID_SERV) VALUES (82,17);
INSERT INTO ALOJ_SERV(ID_ALOJ,ID_SERV) VALUES (82,19);

INSERT INTO ALOJ_SERV(ID_ALOJ,ID_SERV) VALUES (83,17);
INSERT INTO ALOJ_SERV(ID_ALOJ,ID_SERV) VALUES (83,20);

/*INSERCIÓN APARTAMENTO P3*/
INSERT INTO ALOJAMIENTOS (ID,CAPACIDAD,COMPARTIDA,TIPO,UBICACION,ID_OP) VALUES (84,3,0,'APARTAMENTO', 'La candelaria',26);
INSERT INTO APARTAMENTOS (ID_AL) VALUES(84);
INSERT INTO ALOJ_SERV ( ID_ALOJ,ID_SERV) VALUES (84,1);
INSERT INTO ALOJ_SERV ( ID_ALOJ,ID_SERV) VALUES (84,6);

/*INSERCIÓN CASA P4*/
INSERT INTO ALOJAMIENTOS (ID,CAPACIDAD,COMPARTIDA,TIPO,UBICACION,ID_OP) VALUES (85,8,0,'CASA_DIAS', 'La macarena',27);
INSERT INTO CASAS (ID_AL, MENAJE, HABITACIONES, SEGURO) VALUES (85, 'incluye mobiliario completo', 3, 'seguro todo en uno Bolivar');

/*inserción habitación p5*/
INSERT INTO ALOJAMIENTOS (ID, CAPACIDAD, COMPARTIDA, TIPO, UBICACION,ID_OP) VALUES (86,1,0,'HABITACION_CASA','Torres jimenez de quesada',28);
INSERT INTO HABS_HOSTS(ID_AL,NUM_COMP) VALUES(86,1);

INSERT INTO ALOJ_SERV(ID_ALOJ,ID_SERV) VALUES (86,17);
INSERT INTO ALOJ_SERV(ID_ALOJ,ID_SERV) VALUES (86,20);

/*inserción apartamento p6*/
INSERT INTO ALOJAMIENTOS (ID,CAPACIDAD,COMPARTIDA,TIPO,UBICACION,ID_OP) VALUES (87,2,0,'APARTAMENTO', 'La candelaria',29);
INSERT INTO APARTAMENTOS (ID_AL) VALUES(87);
INSERT INTO ALOJ_SERV (ID_ALOJ,ID_SERV) VALUES (87,1);

/*Inserción vivienda universitaria*/
INSERT INTO OPERADORES (ID, NOMBRE,TIPO) VALUES (23, 'CITY U', 'VIVIENDA UNIVERSITARIA');

/* INSERCIÓN EN VIVIENDA UNIVERSITARIA*/
INSERT INTO VIVIENDAS_UNI (ID_OP,DIRECCION) VALUES (23, '3890 Meadow Valley Crossing');

/* INSERCIÓN EN ALOJAMIENTOS*/
INSERT INTO ALOJAMIENTOS(ID, CAPACIDAD, COMPARTIDA, TIPO, UBICACION,ID_OP) VALUES (75,1,0, 'HABITACION_VIVIENDA_UNIV', '3890 Meadow Valley T. SENECA',23);
INSERT INTO ALOJAMIENTOS(ID, CAPACIDAD, COMPARTIDA, TIPO, UBICACION,ID_OP) VALUES (76,1,0, 'HABITACION_VIVIENDA_UNIV', '3890 Meadow Valley T. SENECA',23);
INSERT INTO ALOJAMIENTOS(ID, CAPACIDAD, COMPARTIDA, TIPO, UBICACION,ID_OP) VALUES (77,1,0, 'HABITACION_VIVIENDA_UNIV', '3890 Meadow Valley T. SENECA',23);
INSERT INTO ALOJAMIENTOS(ID, CAPACIDAD, COMPARTIDA, TIPO, UBICACION,ID_OP) VALUES (78,1,1, 'HABITACION_VIVIENDA_UNIV', '3890 Meadow Valley T. SENECA',23);
INSERT INTO ALOJAMIENTOS(ID, CAPACIDAD, COMPARTIDA, TIPO, UBICACION,ID_OP) VALUES (79,1,1, 'HABITACION_VIVIENDA_UNIV', '3890 Meadow Valley T. SENECA',23);
INSERT INTO ALOJAMIENTOS(ID, CAPACIDAD, COMPARTIDA, TIPO, UBICACION,ID_OP) VALUES (80,1,1, 'HABITACION_VIVIENDA_UNIV', '3890 Meadow Valley T. SENECA',23);

/*INSERCION EN HABS_VIVIENDAS*/
INSERT INTO HABS_VIVIENDAS (ID_AL, NUM_HAB, NUM_COMP) VALUES(75,1,0);
INSERT INTO HABS_VIVIENDAS (ID_AL, NUM_HAB, NUM_COMP) VALUES(76,2,0);
INSERT INTO HABS_VIVIENDAS (ID_AL, NUM_HAB, NUM_COMP) VALUES(77,3,0);
INSERT INTO HABS_VIVIENDAS (ID_AL, NUM_HAB, NUM_COMP) VALUES(78,4,3);
INSERT INTO HABS_VIVIENDAS (ID_AL, NUM_HAB, NUM_COMP) VALUES(79,5,1);
INSERT INTO HABS_VIVIENDAS (ID_AL, NUM_HAB, NUM_COMP) VALUES(80,6,2);

/*INSERCION ALOJ_SERV*/
INSERT INTO ALOJ_SERV(ID_ALOJ,ID_SERV) VALUES (75,23);
INSERT INTO ALOJ_SERV(ID_ALOJ,ID_SERV) VALUES (75,5);
INSERT INTO ALOJ_SERV(ID_ALOJ,ID_SERV) VALUES (75,1);
INSERT INTO ALOJ_SERV(ID_ALOJ,ID_SERV) VALUES (75,6);
INSERT INTO ALOJ_SERV(ID_ALOJ,ID_SERV) VALUES (75,9);
INSERT INTO ALOJ_SERV(ID_ALOJ,ID_SERV) VALUES (75,7);
INSERT INTO ALOJ_SERV(ID_ALOJ,ID_SERV) VALUES (75,11);
INSERT INTO ALOJ_SERV(ID_ALOJ,ID_SERV) VALUES (75,12);
INSERT INTO ALOJ_SERV(ID_ALOJ,ID_SERV) VALUES (75,13);
INSERT INTO ALOJ_SERV(ID_ALOJ,ID_SERV) VALUES (75,8);
INSERT INTO ALOJ_SERV(ID_ALOJ,ID_SERV) VALUES (75,14);
INSERT INTO ALOJ_SERV(ID_ALOJ,ID_SERV) VALUES (75,15);
INSERT INTO ALOJ_SERV(ID_ALOJ,ID_SERV) VALUES (75,16);

INSERT INTO ALOJ_SERV(ID_ALOJ,ID_SERV) VALUES (76,23);
INSERT INTO ALOJ_SERV(ID_ALOJ,ID_SERV) VALUES (76,5);
INSERT INTO ALOJ_SERV(ID_ALOJ,ID_SERV) VALUES (76,1);
INSERT INTO ALOJ_SERV(ID_ALOJ,ID_SERV) VALUES (76,6);
INSERT INTO ALOJ_SERV(ID_ALOJ,ID_SERV) VALUES (76,9);
INSERT INTO ALOJ_SERV(ID_ALOJ,ID_SERV) VALUES (76,7);
INSERT INTO ALOJ_SERV(ID_ALOJ,ID_SERV) VALUES (76,11);
INSERT INTO ALOJ_SERV(ID_ALOJ,ID_SERV) VALUES (76,12);
INSERT INTO ALOJ_SERV(ID_ALOJ,ID_SERV) VALUES (76,13);
INSERT INTO ALOJ_SERV(ID_ALOJ,ID_SERV) VALUES (76,8);
INSERT INTO ALOJ_SERV(ID_ALOJ,ID_SERV) VALUES (76,14);
INSERT INTO ALOJ_SERV(ID_ALOJ,ID_SERV) VALUES (76,15);
INSERT INTO ALOJ_SERV(ID_ALOJ,ID_SERV) VALUES (76,16);

INSERT INTO ALOJ_SERV(ID_ALOJ,ID_SERV) VALUES (77,23);
INSERT INTO ALOJ_SERV(ID_ALOJ,ID_SERV) VALUES (77,5);
INSERT INTO ALOJ_SERV(ID_ALOJ,ID_SERV) VALUES (77,1);
INSERT INTO ALOJ_SERV(ID_ALOJ,ID_SERV) VALUES (77,6);
INSERT INTO ALOJ_SERV(ID_ALOJ,ID_SERV) VALUES (77,9);
INSERT INTO ALOJ_SERV(ID_ALOJ,ID_SERV) VALUES (77,7);
INSERT INTO ALOJ_SERV(ID_ALOJ,ID_SERV) VALUES (77,11);
INSERT INTO ALOJ_SERV(ID_ALOJ,ID_SERV) VALUES (77,12);
INSERT INTO ALOJ_SERV(ID_ALOJ,ID_SERV) VALUES (77,13);
INSERT INTO ALOJ_SERV(ID_ALOJ,ID_SERV) VALUES (77,8);
INSERT INTO ALOJ_SERV(ID_ALOJ,ID_SERV) VALUES (77,14);
INSERT INTO ALOJ_SERV(ID_ALOJ,ID_SERV) VALUES (77,15);
INSERT INTO ALOJ_SERV(ID_ALOJ,ID_SERV) VALUES (77,16);

INSERT INTO ALOJ_SERV(ID_ALOJ,ID_SERV) VALUES (78,23);
INSERT INTO ALOJ_SERV(ID_ALOJ,ID_SERV) VALUES (78,5);
INSERT INTO ALOJ_SERV(ID_ALOJ,ID_SERV) VALUES (78,1);
INSERT INTO ALOJ_SERV(ID_ALOJ,ID_SERV) VALUES (78,6);
INSERT INTO ALOJ_SERV(ID_ALOJ,ID_SERV) VALUES (78,9);
INSERT INTO ALOJ_SERV(ID_ALOJ,ID_SERV) VALUES (78,7);
INSERT INTO ALOJ_SERV(ID_ALOJ,ID_SERV) VALUES (78,11);
INSERT INTO ALOJ_SERV(ID_ALOJ,ID_SERV) VALUES (78,12);
INSERT INTO ALOJ_SERV(ID_ALOJ,ID_SERV) VALUES (78,13);
INSERT INTO ALOJ_SERV(ID_ALOJ,ID_SERV) VALUES (78,8);
INSERT INTO ALOJ_SERV(ID_ALOJ,ID_SERV) VALUES (78,14);
INSERT INTO ALOJ_SERV(ID_ALOJ,ID_SERV) VALUES (78,15);
INSERT INTO ALOJ_SERV(ID_ALOJ,ID_SERV) VALUES (78,16);

INSERT INTO ALOJ_SERV(ID_ALOJ,ID_SERV) VALUES (79,23);
INSERT INTO ALOJ_SERV(ID_ALOJ,ID_SERV) VALUES (79,5);
INSERT INTO ALOJ_SERV(ID_ALOJ,ID_SERV) VALUES (79,1);
INSERT INTO ALOJ_SERV(ID_ALOJ,ID_SERV) VALUES (79,6);
INSERT INTO ALOJ_SERV(ID_ALOJ,ID_SERV) VALUES (79,9);
INSERT INTO ALOJ_SERV(ID_ALOJ,ID_SERV) VALUES (79,7);
INSERT INTO ALOJ_SERV(ID_ALOJ,ID_SERV) VALUES (79,11);
INSERT INTO ALOJ_SERV(ID_ALOJ,ID_SERV) VALUES (79,12);
INSERT INTO ALOJ_SERV(ID_ALOJ,ID_SERV) VALUES (79,13);
INSERT INTO ALOJ_SERV(ID_ALOJ,ID_SERV) VALUES (79,8);
INSERT INTO ALOJ_SERV(ID_ALOJ,ID_SERV) VALUES (79,14);
INSERT INTO ALOJ_SERV(ID_ALOJ,ID_SERV) VALUES (79,15);
INSERT INTO ALOJ_SERV(ID_ALOJ,ID_SERV) VALUES (79,16);

INSERT INTO ALOJ_SERV(ID_ALOJ,ID_SERV) VALUES (80,23);
INSERT INTO ALOJ_SERV(ID_ALOJ,ID_SERV) VALUES (80,5);
INSERT INTO ALOJ_SERV(ID_ALOJ,ID_SERV) VALUES (80,1);
INSERT INTO ALOJ_SERV(ID_ALOJ,ID_SERV) VALUES (80,6);
INSERT INTO ALOJ_SERV(ID_ALOJ,ID_SERV) VALUES (80,9);
INSERT INTO ALOJ_SERV(ID_ALOJ,ID_SERV) VALUES (80,7);
INSERT INTO ALOJ_SERV(ID_ALOJ,ID_SERV) VALUES (80,11);
INSERT INTO ALOJ_SERV(ID_ALOJ,ID_SERV) VALUES (80,12);
INSERT INTO ALOJ_SERV(ID_ALOJ,ID_SERV) VALUES (80,13);
INSERT INTO ALOJ_SERV(ID_ALOJ,ID_SERV) VALUES (80,8);
INSERT INTO ALOJ_SERV(ID_ALOJ,ID_SERV) VALUES (80,14);
INSERT INTO ALOJ_SERV(ID_ALOJ,ID_SERV) VALUES (80,15);
INSERT INTO ALOJ_SERV(ID_ALOJ,ID_SERV) VALUES (80,16);

INSERT INTO CLIENTES (CARNET_UNIANDES, NOMBRE, APELLIDO, TIPO_DOCUMENTO, NUM_DOCUMENTO, TIPO_CLIENTE) values (201823957, 'Jaquenetta', 'Messer', 'CEDULA_EXTRANJERIA', 1259518097, 'EMPLEADO');
insert into CLIENTES (CARNET_UNIANDES, NOMBRE, APELLIDO, TIPO_DOCUMENTO, NUM_DOCUMENTO, TIPO_CLIENTE) values (201833709, 'Cristi', 'Cressar', 'CEDULA_EXTRANJERIA', 6441540605, 'EMPLEADO');
insert into CLIENTES (CARNET_UNIANDES, NOMBRE, APELLIDO, TIPO_DOCUMENTO, NUM_DOCUMENTO, TIPO_CLIENTE) values (201833863, 'Merrielle', 'Handrahan', 'CEDULA_EXTRANJERIA', 4218875037, 'EMPLEADO');
insert into CLIENTES (CARNET_UNIANDES, NOMBRE, APELLIDO, TIPO_DOCUMENTO, NUM_DOCUMENTO, TIPO_CLIENTE) values (201631774, 'Elora', 'Morgen', 'CEDULA_EXTRANJERIA', 1172469394, 'EMPLEADO');
insert into CLIENTES (CARNET_UNIANDES, NOMBRE, APELLIDO, TIPO_DOCUMENTO, NUM_DOCUMENTO, TIPO_CLIENTE) values (201721958, 'Aleda', 'Baird', 'CEDULA_CIUDADANIA', 2102739194, 'EMPLEADO');
insert into CLIENTES (CARNET_UNIANDES, NOMBRE, APELLIDO, TIPO_DOCUMENTO, NUM_DOCUMENTO, TIPO_CLIENTE) values (01333917, 'Tommie', 'Eastmond', 'PASAPORTE', 5231066323, 'ESTUDIANTE');
insert into CLIENTES (CARNET_UNIANDES, NOMBRE, APELLIDO, TIPO_DOCUMENTO, NUM_DOCUMENTO, TIPO_CLIENTE) values (201833822, 'Xever', 'Bengtsson', 'CEDULA_EXTRANJERIA', 8821898028, 'ESTUDIANTE');
insert into CLIENTES (CARNET_UNIANDES, NOMBRE, APELLIDO, TIPO_DOCUMENTO, NUM_DOCUMENTO, TIPO_CLIENTE) values (201831872, 'Corella', 'Lodeke', 'PASAPORTE', 6952163761, 'ESTUDIANTE');
insert into CLIENTES (CARNET_UNIANDES, NOMBRE, APELLIDO, TIPO_DOCUMENTO, NUM_DOCUMENTO, TIPO_CLIENTE) values (201822823, 'Marissa', 'Sprigin', 'PASAPORTE', 8809406596, 'ESTUDIANTE');
insert into CLIENTES (CARNET_UNIANDES, NOMBRE, APELLIDO, TIPO_DOCUMENTO, NUM_DOCUMENTO, TIPO_CLIENTE) values (201833939, 'Caro', 'Ralling', 'TARJETA_IDENTIDAD', 4579220401, 'ESTUDIANTE');
insert into CLIENTES (CARNET_UNIANDES, NOMBRE, APELLIDO, TIPO_DOCUMENTO, NUM_DOCUMENTO, TIPO_CLIENTE) values (201033987, 'Roddie', 'Rigglesford', 'CEDULA_EXTRANJERIA', 1771483591, 'ESTUDIANTE');
insert into CLIENTES (CARNET_UNIANDES, NOMBRE, APELLIDO, TIPO_DOCUMENTO, NUM_DOCUMENTO, TIPO_CLIENTE) values (01622979, 'Kristien', 'Nesby', 'PASAPORTE', 5371807503, 'ESTUDIANTE');
insert into CLIENTES (CARNET_UNIANDES, NOMBRE, APELLIDO, TIPO_DOCUMENTO, NUM_DOCUMENTO, TIPO_CLIENTE) values (201711812, 'Erma', 'Kasper', 'PASAPORTE', 3393604334, 'ESTUDIANTE');
insert into CLIENTES (CARNET_UNIANDES, NOMBRE, APELLIDO, TIPO_DOCUMENTO, NUM_DOCUMENTO, TIPO_CLIENTE) values (201822896, 'Mycah', 'Brodley', 'CEDULA_EXTRANJERIA', 3542002262, 'ESTUDIANTE');
insert into CLIENTES (CARNET_UNIANDES, NOMBRE, APELLIDO, TIPO_DOCUMENTO, NUM_DOCUMENTO, TIPO_CLIENTE) values (201621841, 'Rudolf', 'Leyton', 'PASAPORTE', 2157228856, 'ESTUDIANTE');
insert into CLIENTES (CARNET_UNIANDES, NOMBRE, APELLIDO, TIPO_DOCUMENTO, NUM_DOCUMENTO, TIPO_CLIENTE) values (201813971, 'Nollie', 'Clash', 'PASAPORTE', 4928252323, 'ESTUDIANTE');
insert into CLIENTES (CARNET_UNIANDES, NOMBRE, APELLIDO, TIPO_DOCUMENTO, NUM_DOCUMENTO, TIPO_CLIENTE) values (201832974, 'Keven', 'Slidders', 'TARJETA_IDENTIDAD', 7467909777, 'PROFESOR');
insert into CLIENTES (CARNET_UNIANDES, NOMBRE, APELLIDO, TIPO_DOCUMENTO, NUM_DOCUMENTO, TIPO_CLIENTE) values (201633307, 'Emiline', 'Lermit', 'CEDULA_EXTRANJERIA', 3977139578, 'PROFESOR');
insert into CLIENTES (CARNET_UNIANDES, NOMBRE, APELLIDO, TIPO_DOCUMENTO, NUM_DOCUMENTO, TIPO_CLIENTE) values (201821900, 'Joseito', 'Feechan', 'CEDULA_EXTRANJERIA', 1522007759, 'PROFESOR');
insert into CLIENTES (CARNET_UNIANDES, NOMBRE, APELLIDO, TIPO_DOCUMENTO, NUM_DOCUMENTO, TIPO_CLIENTE) values (201723648, 'Pegeen', 'Palister', 'PASAPORTE', 1633549616, 'FAMILIA');
insert into CLIENTES (CARNET_UNIANDES, NOMBRE, APELLIDO, TIPO_DOCUMENTO, NUM_DOCUMENTO, TIPO_CLIENTE) values (201822977, 'Dixie', 'Chittleburgh', 'PASAPORTE', 2818578399, 'FAMILIA');
insert into CLIENTES (CARNET_UNIANDES, NOMBRE, APELLIDO, TIPO_DOCUMENTO, NUM_DOCUMENTO, TIPO_CLIENTE) values (201832838, 'Dexter', 'Raggitt', 'CEDULA_EXTRANJERIA', 5651014142, 'VISITANTE');
insert into CLIENTES (CARNET_UNIANDES, NOMBRE, APELLIDO, TIPO_DOCUMENTO, NUM_DOCUMENTO, TIPO_CLIENTE) values (201832287, 'Elroy', 'Malecky', 'PASAPORTE', 8525238816, 'VISITANTE');
insert into CLIENTES (CARNET_UNIANDES, NOMBRE, APELLIDO, TIPO_DOCUMENTO, NUM_DOCUMENTO, TIPO_CLIENTE) values (01623720, 'Paulette', 'Spore', 'PASAPORTE', 5632991139, 'VISITANTE');
insert into CLIENTES (CARNET_UNIANDES, NOMBRE, APELLIDO, TIPO_DOCUMENTO, NUM_DOCUMENTO, TIPO_CLIENTE) values (201631934, 'Mellie', 'Gillespie', 'PASAPORTE', 4885260224, 'VISITANTE');
insert into CLIENTES (CARNET_UNIANDES, NOMBRE, APELLIDO, TIPO_DOCUMENTO, NUM_DOCUMENTO, TIPO_CLIENTE) values (201733802, 'Marie-ann', 'Jenton', 'TARJETA_IDENTIDAD', 2918041278, 'PROFESOR');
insert into CLIENTES (CARNET_UNIANDES, NOMBRE, APELLIDO, TIPO_DOCUMENTO, NUM_DOCUMENTO, TIPO_CLIENTE) values (201813947, 'Avie', 'Killshaw', 'PASAPORTE', 5750104045, 'PROFESOR');
insert into CLIENTES (CARNET_UNIANDES, NOMBRE, APELLIDO, TIPO_DOCUMENTO, NUM_DOCUMENTO, TIPO_CLIENTE) values (201733754, 'Bunni', 'De Mico', 'PASAPORTE', 4058629199, 'EGRESADO');
insert into CLIENTES (CARNET_UNIANDES, NOMBRE, APELLIDO, TIPO_DOCUMENTO, NUM_DOCUMENTO, TIPO_CLIENTE) values (201823693, 'Jacinda', 'Ebbings', 'PASAPORTE', 3450764287, 'EGRESADO');
insert into CLIENTES (CARNET_UNIANDES, NOMBRE, APELLIDO, TIPO_DOCUMENTO, NUM_DOCUMENTO, TIPO_CLIENTE) values (201813822, 'Jillie', 'Espy', 'PASAPORTE', 9955592449, 'EGRESADO');
insert into CLIENTES (CARNET_UNIANDES, NOMBRE, APELLIDO, TIPO_DOCUMENTO, NUM_DOCUMENTO, TIPO_CLIENTE) values (201630956, 'Mateo', 'Devia', 'CEDULA_CIUDADANIA', 1018505033, 'EGRESADO');

INSERT INTO OFERTAS_ALOJAMIENTOS(PRECIO,UNIDAD_PRECIO,ID_AL, FECHA_CREACION) VALUES (100000,'NOCHE',1, '1/1/14');
INSERT INTO OFERTAS_ALOJAMIENTOS(PRECIO,UNIDAD_PRECIO,ID_AL, FECHA_CREACION) VALUES (100000,'NOCHE',2, '1/1/14');
INSERT INTO OFERTAS_ALOJAMIENTOS(PRECIO,UNIDAD_PRECIO,ID_AL, FECHA_CREACION) VALUES (100000,'NOCHE',3, '1/1/14');
INSERT INTO OFERTAS_ALOJAMIENTOS(PRECIO,UNIDAD_PRECIO,ID_AL, FECHA_CREACION) VALUES (190000,'NOCHE',4, '1/1/14');
INSERT INTO OFERTAS_ALOJAMIENTOS(PRECIO,UNIDAD_PRECIO,ID_AL, FECHA_CREACION) VALUES (340000,'NOCHE',5, '1/1/14');

INSERT INTO OFERTAS_ALOJAMIENTOS(PRECIO,UNIDAD_PRECIO,ID_AL, FECHA_CREACION) VALUES (100000,'NOCHE',6, '1/1/14');
INSERT INTO OFERTAS_ALOJAMIENTOS(PRECIO,UNIDAD_PRECIO,ID_AL, FECHA_CREACION) VALUES (100000,'NOCHE',7, '1/1/14');
INSERT INTO OFERTAS_ALOJAMIENTOS(PRECIO,UNIDAD_PRECIO,ID_AL, FECHA_CREACION) VALUES (100000,'NOCHE',8, '1/1/14');
INSERT INTO OFERTAS_ALOJAMIENTOS(PRECIO,UNIDAD_PRECIO,ID_AL, FECHA_CREACION) VALUES (190000,'NOCHE',9, '1/1/14');
INSERT INTO OFERTAS_ALOJAMIENTOS(PRECIO,UNIDAD_PRECIO,ID_AL, FECHA_CREACION) VALUES (340000,'NOCHE',10, '1/1/14');

INSERT INTO OFERTAS_ALOJAMIENTOS(PRECIO,UNIDAD_PRECIO,ID_AL, FECHA_CREACION) VALUES (100000,'NOCHE',11, '1/1/14');
INSERT INTO OFERTAS_ALOJAMIENTOS(PRECIO,UNIDAD_PRECIO,ID_AL, FECHA_CREACION) VALUES (100000,'NOCHE',12, '1/1/14');
INSERT INTO OFERTAS_ALOJAMIENTOS(PRECIO,UNIDAD_PRECIO,ID_AL, FECHA_CREACION) VALUES (100000,'NOCHE',13, '1/1/14');
INSERT INTO OFERTAS_ALOJAMIENTOS(PRECIO,UNIDAD_PRECIO,ID_AL, FECHA_CREACION) VALUES (190000,'NOCHE',14, '1/1/14');
INSERT INTO OFERTAS_ALOJAMIENTOS(PRECIO,UNIDAD_PRECIO,ID_AL, FECHA_CREACION) VALUES (340000,'NOCHE',15, '1/1/14');

INSERT INTO OFERTAS_ALOJAMIENTOS(PRECIO,UNIDAD_PRECIO,ID_AL, FECHA_CREACION) VALUES (100000,'NOCHE',16, '1/1/14');
INSERT INTO OFERTAS_ALOJAMIENTOS(PRECIO,UNIDAD_PRECIO,ID_AL, FECHA_CREACION) VALUES (100000,'NOCHE',17, '1/1/14');
INSERT INTO OFERTAS_ALOJAMIENTOS(PRECIO,UNIDAD_PRECIO,ID_AL, FECHA_CREACION) VALUES (100000,'NOCHE',18, '1/1/14');
INSERT INTO OFERTAS_ALOJAMIENTOS(PRECIO,UNIDAD_PRECIO,ID_AL, FECHA_CREACION) VALUES (190000,'NOCHE',19, '1/1/14');
INSERT INTO OFERTAS_ALOJAMIENTOS(PRECIO,UNIDAD_PRECIO,ID_AL, FECHA_CREACION) VALUES (340000,'NOCHE',20, '1/1/14');

INSERT INTO OFERTAS_ALOJAMIENTOS(PRECIO,UNIDAD_PRECIO,ID_AL, FECHA_CREACION) VALUES (100000,'NOCHE',21, '1/1/14');
INSERT INTO OFERTAS_ALOJAMIENTOS(PRECIO,UNIDAD_PRECIO,ID_AL, FECHA_CREACION) VALUES (100000,'NOCHE',22, '1/1/14');
INSERT INTO OFERTAS_ALOJAMIENTOS(PRECIO,UNIDAD_PRECIO,ID_AL, FECHA_CREACION) VALUES (100000,'NOCHE',23, '1/1/14');
INSERT INTO OFERTAS_ALOJAMIENTOS(PRECIO,UNIDAD_PRECIO,ID_AL, FECHA_CREACION) VALUES (190000,'NOCHE',24, '1/1/14');
INSERT INTO OFERTAS_ALOJAMIENTOS(PRECIO,UNIDAD_PRECIO,ID_AL, FECHA_CREACION) VALUES (340000,'NOCHE',25, '1/1/14');

INSERT INTO OFERTAS_ALOJAMIENTOS(PRECIO,UNIDAD_PRECIO,ID_AL, FECHA_CREACION) VALUES (100000,'NOCHE',26, '1/1/14');
INSERT INTO OFERTAS_ALOJAMIENTOS(PRECIO,UNIDAD_PRECIO,ID_AL, FECHA_CREACION) VALUES (100000,'NOCHE',27, '1/1/14');
INSERT INTO OFERTAS_ALOJAMIENTOS(PRECIO,UNIDAD_PRECIO,ID_AL, FECHA_CREACION) VALUES (100000,'NOCHE',28, '1/1/14');
INSERT INTO OFERTAS_ALOJAMIENTOS(PRECIO,UNIDAD_PRECIO,ID_AL, FECHA_CREACION) VALUES (190000,'NOCHE',29, '1/1/14');
INSERT INTO OFERTAS_ALOJAMIENTOS(PRECIO,UNIDAD_PRECIO,ID_AL, FECHA_CREACION) VALUES (340000,'NOCHE',30, '1/1/14');

INSERT INTO OFERTAS_ALOJAMIENTOS(PRECIO,UNIDAD_PRECIO,ID_AL, FECHA_CREACION) VALUES (100000,'NOCHE',31, '1/1/14');
INSERT INTO OFERTAS_ALOJAMIENTOS(PRECIO,UNIDAD_PRECIO,ID_AL, FECHA_CREACION) VALUES (100000,'NOCHE',32, '1/1/14');
INSERT INTO OFERTAS_ALOJAMIENTOS(PRECIO,UNIDAD_PRECIO,ID_AL, FECHA_CREACION) VALUES (100000,'NOCHE',33, '1/1/14');
INSERT INTO OFERTAS_ALOJAMIENTOS(PRECIO,UNIDAD_PRECIO,ID_AL, FECHA_CREACION) VALUES (190000,'NOCHE',34, '1/1/14');
INSERT INTO OFERTAS_ALOJAMIENTOS(PRECIO,UNIDAD_PRECIO,ID_AL, FECHA_CREACION) VALUES (340000,'NOCHE',35, '1/1/14');

INSERT INTO OFERTAS_ALOJAMIENTOS(PRECIO,UNIDAD_PRECIO,ID_AL, FECHA_CREACION) VALUES (100000,'NOCHE',36, '1/1/14');
INSERT INTO OFERTAS_ALOJAMIENTOS(PRECIO,UNIDAD_PRECIO,ID_AL, FECHA_CREACION) VALUES (100000,'NOCHE',37, '1/1/14');
INSERT INTO OFERTAS_ALOJAMIENTOS(PRECIO,UNIDAD_PRECIO,ID_AL, FECHA_CREACION) VALUES (100000,'NOCHE',38, '1/1/14');
INSERT INTO OFERTAS_ALOJAMIENTOS(PRECIO,UNIDAD_PRECIO,ID_AL, FECHA_CREACION) VALUES (190000,'NOCHE',39, '1/1/14');
INSERT INTO OFERTAS_ALOJAMIENTOS(PRECIO,UNIDAD_PRECIO,ID_AL, FECHA_CREACION) VALUES (340000,'NOCHE',40, '1/1/14');

INSERT INTO OFERTAS_ALOJAMIENTOS(PRECIO,UNIDAD_PRECIO,ID_AL, FECHA_CREACION) VALUES (100000,'NOCHE',41, '1/1/14');
INSERT INTO OFERTAS_ALOJAMIENTOS(PRECIO,UNIDAD_PRECIO,ID_AL, FECHA_CREACION) VALUES (100000,'NOCHE',42, '1/1/14');
INSERT INTO OFERTAS_ALOJAMIENTOS(PRECIO,UNIDAD_PRECIO,ID_AL, FECHA_CREACION) VALUES (100000,'NOCHE',43, '1/1/14');
INSERT INTO OFERTAS_ALOJAMIENTOS(PRECIO,UNIDAD_PRECIO,ID_AL, FECHA_CREACION) VALUES (190000,'NOCHE',44, '1/1/14');
INSERT INTO OFERTAS_ALOJAMIENTOS(PRECIO,UNIDAD_PRECIO,ID_AL, FECHA_CREACION) VALUES (340000,'NOCHE',45, '1/1/14');

INSERT INTO OFERTAS_ALOJAMIENTOS(PRECIO,UNIDAD_PRECIO,ID_AL, FECHA_CREACION) VALUES (100000,'NOCHE',46, '1/1/14');
INSERT INTO OFERTAS_ALOJAMIENTOS(PRECIO,UNIDAD_PRECIO,ID_AL, FECHA_CREACION) VALUES (100000,'NOCHE',47, '1/1/14');
INSERT INTO OFERTAS_ALOJAMIENTOS(PRECIO,UNIDAD_PRECIO,ID_AL, FECHA_CREACION) VALUES (100000,'NOCHE',48, '1/1/14');
INSERT INTO OFERTAS_ALOJAMIENTOS(PRECIO,UNIDAD_PRECIO,ID_AL, FECHA_CREACION) VALUES (190000,'NOCHE',49, '1/1/14');
INSERT INTO OFERTAS_ALOJAMIENTOS(PRECIO,UNIDAD_PRECIO,ID_AL, FECHA_CREACION) VALUES (340000,'NOCHE',50, '1/1/14');

insert into OFERTAS_ALOJAMIENTOS(PRECIO,UNIDAD_PRECIO,ID_AL, FECHA_CREACION) values (1921526, 'NOCHE', 51, '1/1/14');
insert into OFERTAS_ALOJAMIENTOS(PRECIO,UNIDAD_PRECIO,ID_AL, FECHA_CREACION) values (927684, 'NOCHE', 52, '1/1/14');
insert into OFERTAS_ALOJAMIENTOS(PRECIO,UNIDAD_PRECIO,ID_AL, FECHA_CREACION) values (175758, 'NOCHE', 53, '1/1/14');
insert into OFERTAS_ALOJAMIENTOS(PRECIO,UNIDAD_PRECIO,ID_AL, FECHA_CREACION) values (1145384, 'NOCHE', 54, '1/1/14');
insert into OFERTAS_ALOJAMIENTOS(PRECIO,UNIDAD_PRECIO,ID_AL, FECHA_CREACION) values (562672, 'NOCHE', 55, '1/1/14');
insert into OFERTAS_ALOJAMIENTOS(PRECIO,UNIDAD_PRECIO,ID_AL, FECHA_CREACION) values (2829687, 'NOCHE', 56, '1/1/14');
insert into OFERTAS_ALOJAMIENTOS(PRECIO,UNIDAD_PRECIO,ID_AL, FECHA_CREACION) values (316729, 'NOCHE', 57, '1/1/14');
insert into OFERTAS_ALOJAMIENTOS(PRECIO,UNIDAD_PRECIO,ID_AL, FECHA_CREACION) values (1018674, 'NOCHE', 58, '1/1/14');
insert into OFERTAS_ALOJAMIENTOS(PRECIO,UNIDAD_PRECIO,ID_AL, FECHA_CREACION) values (829587, 'NOCHE', 59, '1/1/14');
insert into OFERTAS_ALOJAMIENTOS(PRECIO,UNIDAD_PRECIO,ID_AL, FECHA_CREACION) values (1535826, 'NOCHE', 60, '1/1/14');
insert into OFERTAS_ALOJAMIENTOS(PRECIO,UNIDAD_PRECIO,ID_AL, FECHA_CREACION) values (1542327, 'NOCHE', 61, '1/1/14');
insert into OFERTAS_ALOJAMIENTOS(PRECIO,UNIDAD_PRECIO,ID_AL, FECHA_CREACION) values (2381545, 'NOCHE', 62, '1/1/14');
insert into OFERTAS_ALOJAMIENTOS(PRECIO,UNIDAD_PRECIO,ID_AL, FECHA_CREACION) values (974517, 'NOCHE', 63, '1/1/14');
insert into OFERTAS_ALOJAMIENTOS(PRECIO,UNIDAD_PRECIO,ID_AL, FECHA_CREACION) values (1820012, 'NOCHE', 64, '1/1/14');
insert into OFERTAS_ALOJAMIENTOS(PRECIO,UNIDAD_PRECIO,ID_AL, FECHA_CREACION) values (193973, 'NOCHE', 65, '1/1/14');
insert into OFERTAS_ALOJAMIENTOS(PRECIO,UNIDAD_PRECIO,ID_AL, FECHA_CREACION) values (2999319, 'NOCHE', 66, '1/1/14');
insert into OFERTAS_ALOJAMIENTOS(PRECIO,UNIDAD_PRECIO,ID_AL, FECHA_CREACION) values (2816999, 'NOCHE', 67, '1/1/14');
insert into OFERTAS_ALOJAMIENTOS(PRECIO,UNIDAD_PRECIO,ID_AL, FECHA_CREACION) values (1314585, 'NOCHE', 68, '1/1/14');
insert into OFERTAS_ALOJAMIENTOS(PRECIO,UNIDAD_PRECIO,ID_AL, FECHA_CREACION) values (674740, 'NOCHE', 69, '1/1/14');
insert into OFERTAS_ALOJAMIENTOS(PRECIO,UNIDAD_PRECIO,ID_AL, FECHA_CREACION) values (2635093, 'NOCHE', 70, '1/1/14');
insert into OFERTAS_ALOJAMIENTOS(PRECIO,UNIDAD_PRECIO,ID_AL, FECHA_CREACION) values (1994147, 'NOCHE', 71, '1/1/14');
insert into OFERTAS_ALOJAMIENTOS(PRECIO,UNIDAD_PRECIO,ID_AL, FECHA_CREACION) values (2468682, 'NOCHE', 72, '1/1/14');
insert into OFERTAS_ALOJAMIENTOS(PRECIO,UNIDAD_PRECIO,ID_AL, FECHA_CREACION) values (1687191, 'NOCHE', 73, '1/1/14');
insert into OFERTAS_ALOJAMIENTOS(PRECIO,UNIDAD_PRECIO,ID_AL, FECHA_CREACION) values (2284953, 'NOCHE', 74, '1/1/14');
insert into OFERTAS_ALOJAMIENTOS(PRECIO,UNIDAD_PRECIO,ID_AL, FECHA_CREACION) values (2265756, 'SEMESTRE', 75, '1/1/14');
insert into OFERTAS_ALOJAMIENTOS(PRECIO,UNIDAD_PRECIO,ID_AL, FECHA_CREACION) values (1881804, 'SEMESTRE', 76, '1/1/14');
insert into OFERTAS_ALOJAMIENTOS(PRECIO,UNIDAD_PRECIO,ID_AL, FECHA_CREACION) values (2511151, 'SEMESTRE', 77, '1/1/14');
insert into OFERTAS_ALOJAMIENTOS(PRECIO,UNIDAD_PRECIO,ID_AL, FECHA_CREACION) values (164072, 'SEMESTRE', 78, '1/1/14');
insert into OFERTAS_ALOJAMIENTOS(PRECIO,UNIDAD_PRECIO,ID_AL, FECHA_CREACION) values (1053742, 'SEMESTRE', 79, '1/1/14');
insert into OFERTAS_ALOJAMIENTOS(PRECIO,UNIDAD_PRECIO,ID_AL, FECHA_CREACION) values (493341, 'SEMESTRE', 80, '1/1/14');
insert into OFERTAS_ALOJAMIENTOS(PRECIO,UNIDAD_PRECIO,ID_AL, FECHA_CREACION) values (204485, 'MES', 81, '1/1/14');
insert into OFERTAS_ALOJAMIENTOS(PRECIO,UNIDAD_PRECIO,ID_AL, FECHA_CREACION, FECHA_RETIRO) values (1826739, 'MES', 82, '1/1/14', '1/1/15');
insert into OFERTAS_ALOJAMIENTOS(PRECIO,UNIDAD_PRECIO,ID_AL, FECHA_CREACION, FECHA_RETIRO) values (1751857, 'SEMANA', 83,'1/1/14', '1/1/15');
insert into OFERTAS_ALOJAMIENTOS(PRECIO,UNIDAD_PRECIO,ID_AL, FECHA_CREACION, FECHA_RETIRO) values (2882702, 'MES', 84,'1/1/14', '1/1/15');
insert into OFERTAS_ALOJAMIENTOS(PRECIO,UNIDAD_PRECIO,ID_AL, FECHA_CREACION, FECHA_RETIRO) values (2010456, 'NOCHE', 85,'1/1/14', '2/12/18');
insert into OFERTAS_ALOJAMIENTOS(PRECIO,UNIDAD_PRECIO,ID_AL, FECHA_CREACION, FECHA_RETIRO) values (627782, 'SEMANA', 86,'1/1/14', '1/12/18');

insert into RESERVAS (FECHA_INICIO, FECHA_FIN, TIPO_CONTRATO, NUM_PERSONAS, ID_AL_OF,FECHA_CREACION_OF,ID_CLIENTE, PRECIO_RESERVA, ESTADO, FECHA_CREACION) values ('22/12/17', '11/02/18', 'Hills, Senger and Terry', 1, 1, '01/01/14', 201823957, 9434016, 'RESERVADA', '21/12/15');
insert into RESERVAS (FECHA_INICIO, FECHA_FIN, TIPO_CONTRATO, NUM_PERSONAS, ID_AL_OF,FECHA_CREACION_OF,ID_CLIENTE, PRECIO_RESERVA, ESTADO, FECHA_CREACION) values ('24/11/17', '07/01/18', 'O''Connell', 1, 2, '01/01/14', 201833709, 3563581, 'RESERVADA', '24/10/17');
insert into RESERVAS (FECHA_INICIO, FECHA_FIN, TIPO_CONTRATO, NUM_PERSONAS, ID_AL_OF,FECHA_CREACION_OF,ID_CLIENTE, PRECIO_RESERVA, ESTADO, FECHA_CREACION) values ('03/04/17', '21/02/18', 'Wolff-Hahn', 1, 3, '01/01/14', 201833863, 1665734, 'RESERVADA', '03/04/16');
insert into RESERVAS (FECHA_INICIO, FECHA_FIN, TIPO_CONTRATO, NUM_PERSONAS, ID_AL_OF,FECHA_CREACION_OF,ID_CLIENTE, PRECIO_RESERVA, ESTADO, FECHA_CREACION) values ('21/07/17', '09/03/18', 'Kulas-Bauch', 1, 4, '01/01/14',201831872, 9229875, 'RESERVADA', '18/07/17');
insert into RESERVAS (FECHA_INICIO, FECHA_FIN, TIPO_CONTRATO, NUM_PERSONAS, ID_AL_OF,FECHA_CREACION_OF,ID_CLIENTE, PRECIO_RESERVA, ESTADO, FECHA_CREACION) values ('07/12/17', '24/02/18', 'Bartoletti', 1, 5, '01/01/14', 201033987, 9637692, 'RESERVADA', '01/12/17');
insert into RESERVAS (FECHA_INICIO, FECHA_FIN, TIPO_CONTRATO, NUM_PERSONAS, ID_AL_OF,FECHA_CREACION_OF,ID_CLIENTE, PRECIO_RESERVA, ESTADO, FECHA_CREACION) values ('17/05/17', '19/01/18', 'Keebler Group', 1, 6, '01/01/14', 201711812, 4822729, 'RESERVADA', '15/05/17');
insert into RESERVAS (FECHA_INICIO, FECHA_FIN, TIPO_CONTRATO, NUM_PERSONAS, ID_AL_OF,FECHA_CREACION_OF,ID_CLIENTE, PRECIO_RESERVA, ESTADO, FECHA_CREACION) values ('25/03/17', '05/03/18', 'Walsh Inc', 1, 7, '01/01/14', 201621841, 9884395, 'RESERVADA', '21/01/17');
insert into RESERVAS (FECHA_INICIO, FECHA_FIN, TIPO_CONTRATO, NUM_PERSONAS, ID_AL_OF,FECHA_CREACION_OF,ID_CLIENTE, PRECIO_RESERVA, ESTADO, FECHA_CREACION) values ('21/03/17', '18/01/18', 'Rempel-Heaney', 1, 8, '01/01/14', 201813971, 4362375, 'RESERVADA', '24/12/16');
insert into RESERVAS (FECHA_INICIO, FECHA_FIN, TIPO_CONTRATO, NUM_PERSONAS, ID_AL_OF,FECHA_CREACION_OF,ID_CLIENTE, PRECIO_RESERVA, ESTADO, FECHA_CREACION) values ('28/07/17', '27/02/18', 'McKenzie Group', 1, 9, '01/01/14', 201832287, 6547681, 'RESERVADA', '19/03/17');
insert into RESERVAS (FECHA_INICIO, FECHA_FIN, TIPO_CONTRATO, NUM_PERSONAS, ID_AL_OF,FECHA_CREACION_OF,ID_CLIENTE, PRECIO_RESERVA, ESTADO, FECHA_CREACION) values ('08/08/17', '17/03/18', 'Considine', 1, 10, '01/01/14', 201733754, 9463533, 'RESERVADA', '03/03/16');
insert into RESERVAS (FECHA_INICIO, FECHA_FIN, TIPO_CONTRATO, NUM_PERSONAS, ID_AL_OF,FECHA_CREACION_OF,ID_CLIENTE, PRECIO_RESERVA, ESTADO, FECHA_CREACION, ID_COLECTIVA) values ('08/08/16', '17/08/17', 'Considine', 1, 16, '01/01/14', 201733754, 9463533, 'RESERVADA', '03/03/16',null);
insert into RESERVAS (FECHA_INICIO, FECHA_FIN, TIPO_CONTRATO, NUM_PERSONAS, ID_AL_OF,FECHA_CREACION_OF,ID_CLIENTE, PRECIO_RESERVA, ESTADO, FECHA_CREACION) values ('01/01/16', '05/01/16', 'Considine', 1, 10, '01/01/14', 201630956, 9463533, 'RESERVADA', '03/03/16');
insert into RESERVAS (FECHA_INICIO, FECHA_FIN, TIPO_CONTRATO, NUM_PERSONAS, ID_AL_OF,FECHA_CREACION_OF,ID_CLIENTE, PRECIO_RESERVA, ESTADO, FECHA_CREACION) values ('10/01/16', '05/04/16', 'Considine', 1, 10, '01/01/14', 201630956, 9463533, 'RESERVADA', '03/03/16');
insert into RESERVAS (FECHA_INICIO, FECHA_FIN, TIPO_CONTRATO, NUM_PERSONAS, ID_AL_OF,FECHA_CREACION_OF,ID_CLIENTE, PRECIO_RESERVA, ESTADO, FECHA_CREACION) values ('01/05/16', '05/08/17', 'Considine', 1, 10, '01/01/14', 201630956, 9463533, 'RESERVADA', '03/03/16');
insert into RESERVAS (FECHA_INICIO, FECHA_FIN, TIPO_CONTRATO, NUM_PERSONAS, ID_AL_OF,FECHA_CREACION_OF,ID_CLIENTE, PRECIO_RESERVA, ESTADO, FECHA_CREACION) values ('01/02/18', '19/01/19', 'Considine', 1, 10, '01/01/14', 201630956, 9463533, 'RESERVADA', '03/03/16');
insert into RESERVAS (FECHA_INICIO, FECHA_FIN, TIPO_CONTRATO, NUM_PERSONAS, ID_AL_OF,FECHA_CREACION_OF,ID_CLIENTE, PRECIO_RESERVA, ESTADO, FECHA_CREACION) values ('02/05/19', '02/10/19', 'Considine', 1, 10, '01/01/14', 201630956, 9463533, 'RESERVADA', '03/03/16');
insert into RESERVAS (FECHA_INICIO, FECHA_FIN, TIPO_CONTRATO, NUM_PERSONAS, ID_AL_OF,FECHA_CREACION_OF,ID_CLIENTE, PRECIO_RESERVA, ESTADO, FECHA_CREACION) values ('04/11/19', '02/12/19', 'Considine', 1, 10, '01/01/14', 201630956, 9463533, 'RESERVADA', '03/03/16');
insert into RESERVAS (FECHA_INICIO, FECHA_FIN, TIPO_CONTRATO, NUM_PERSONAS, ID_AL_OF,FECHA_CREACION_OF,ID_CLIENTE, PRECIO_RESERVA, ESTADO, FECHA_CREACION) values ('02/05/16', '02/10/17', 'Considine', 1, 81, '01/01/14', 201630956, 9463533, 'RESERVADA', '03/03/16');
insert into RESERVAS (FECHA_INICIO, FECHA_FIN, TIPO_CONTRATO, NUM_PERSONAS, ID_AL_OF,FECHA_CREACION_OF,ID_CLIENTE, PRECIO_RESERVA, ESTADO, FECHA_CREACION) values ('02/05/16', '02/10/17', 'Considine', 1, 22, '01/01/14', 201630956, 9463533, 'CANCELADA', '03/03/16');
